#Name,Goethite,Hematite,Kaolinite,Dolomite,Illite,Vermiculite,Montmorillonite,Gypsum,Calcite,Chlorite
Acmite NMNH133746 Pyroxene s06an14a_a  ,0,0,0,0,0,0,0,0,0,0
Actinolite HS116.3B s06an14a_b         ,0,0,0,0,0,0,0,0,0,0
Actinolite HS22.3B s06an14a_b          ,0,0,0,0,0,0,0,0,0,0
Actinolite HS22.3B s06an14a_bbb        ,0,0,0,0,0,0,0,0,0,0
Actinolite HS315.4B s06an14a_b         ,0,0,0,0,0,0,0,0,0,0
Actinolite HS315.4B s06an14a_bbb       ,0,0,0,0,0,0,0,0,0,0
Actinolite NMNH80714 s06an14a_b        ,0,0,0,0,0,0,0,0,0,0
Actinolite NMNHR16485 s06an14a_b       ,0,0,0,0,0,0,0,0,0,0
Actinolite NMNHR16485 s06an14a_bbb     ,0,0,0,0,0,0,0,0,0,0
Adularia GDS57 Orthoclase s06an14a_b   ,0,0,0,0,0,0,0,0,0,0
Adularia GDS57 Orthoclase s06an14a_bbb ,0,0,0,0,0,0,0,0,0,0
Albite GDS30 74-250um Plag s06an14a_b  ,0,0,0,0,0,0,0,0,0,0
Albite GDS30 74-250um Plag s06an14a_bb_,0,0,0,0,0,0,0,0,0,0
Albite HS324.3B Plagioclase s06an14a_c ,0,0,0,0,0,0,0,0,0,0
Albite HS324.3B Plagioclas s06an14a_cbb,0,0,0,0,0,0,0,0,0,0
Albite HS66.3B Plagioclase s06an14a_c  ,0,0,0,0,0,0,0,0,0,0
Albite HS66.3B Plagioclase s06an14a_bbb,0,0,0,0,0,0,0,0,0,0
Albite HS143.3B Plagioclase s06an14a_c ,0,0,0,0,0,0,0,0,0,0
Albite HS143.3B Plagioclas s06an14a_cc_,0,0,0,0,0,0,0,0,0,0
Allanite HS293.3B s06an14a_b           ,0,0,0,0,0,0,0,0,0,0
Allanite HS293.3B s06an14a_bc_         ,0,0,0,0,0,0,0,0,0,0
Almandine HS114.3B Garnet s06an14a_b   ,0,0,0,0,0,0,0,0,0,0
Almandine HS114.3B Garnet s06an14a_bb_ ,0,0,0,0,0,0,0,0,0,0
Almandine WS475 Garnet s06an14a_b      ,0,0,0,0,0,0,0,0,0,0
Almandine WS475 Garnet s06an14a_bb_    ,0,0,0,0,0,0,0,0,0,0
Almandine WS476 Garnet s06an14a_b      ,0,0,0,0,0,0,0,0,0,0
Almandine WS476 Garnet s06an14a_bbb    ,0,0,0,0,0,0,0,0,0,0
Almandine WS477 Garnet s06an14a_b      ,0,0,0,0,0,0,0,0,0,0
Almandine WS477 Garnet s06an14a_bbb    ,0,0,0,0,0,0,0,0,0,0
Almandine WS478 Garnet s06an14a_b      ,0,0,0,0,0,0,0,0,0,0
Almandine WS478 Garnet s06an14a_cbb    ,0,0,0,0,0,0,0,0,0,0
Almandine WS479 Garnet s06an14a_b      ,0,0,0,0,0,0,0,0,0,0
Almandine WS479 Garnet s06an14a_bbb    ,0,0,0,0,0,0,0,0,0,0
Alunite AL706 Na__ s06an14a_b          ,0,0,0,0,0,0,0,0,0,0
Alunite GDS82 Na82 s06an14a_b          ,0,0,0,0,0,0,0,0,0,0
Alunite GDS82 Na82 s06an14a_bc_        ,0,0,0,0,0,0,0,0,0,0
Alunite GDS82 Na82 s06an14a_b          ,0,0,0,0,0,0,0,0,0,0
Alunite GDS83 Na63 s06an14a_b          ,0,0,0,0,0,0,0,0,0,0
Alunite GDS83 Na63 s06an14a_b          ,0,0,0,0,0,0,0,0,0,0
Alunite GDS83 Na63 s06an14a_bb_        ,0,0,0,0,0,0,0,0,0,0
Alunite GDS84 Na03 s06an14a_a          ,0,0,0,0,0,0,0,0,0,0
Alunite GDS84 Na03 s06an14a_a          ,0,0,0,0,0,0,0,0,0,0
Alunite GDS84 Na03 s06an14a_aa_        ,0,0,0,0,0,0,0,0,0,0
Alunite GDS95 Na Syn (150C) s06an14a_a ,0,0,0,0,0,0,0,0,0,0
Alunite GDS96 K Syn (250C) s06an14a_a  ,0,0,0,0,0,0,0,0,0,0
Alunite GDS97 K Syn (150C) s06an14a_a  ,0,0,0,0,0,0,0,0,0,0
Alunite HS295 s06an14a_a               ,0,0,0,0,0,0,0,0,0,0
Alunite HS295.3B s06an14a_a            ,0,0,0,0,0,0,0,0,0,0
Alunite HS295.3B s06an14a_aaa          ,0,0,0,0,0,0,0,0,0,0
Alunite RES-2 K Syn (450C) s06an14a_a  ,0,0,0,0,0,0,0,0,0,0
Alunite RES-3 Na Syn (450C) s06an14a_a ,0,0,0,0,0,0,0,0,0,0
Alunite RES-4 Na Syn (300C) s06an14a_a ,0,0,0,0,0,0,0,0,0,0
Alunite RES-9 Summitv (400C) s06an14a_b,0,0,0,0,0,0,0,0,0,0
Alunite RES10 NA56% Syn 450C s06an14a_a,0,0,0,0,0,0,0,0,0,0
Alunite RES12 NA78% Syn 450C s06an14a_a,0,0,0,0,0,0,0,0,0,0
Alunite SUSTDA-20 s06an14a_b           ,0,0,0,0,0,0,0,0,0,0
Alunite SUSTDA-20 s06an14a_bb_         ,0,0,0,0,0,0,0,0,0,0
Ammonio-Illite/Smectit GDS87 s06an14a_b,0,0,0,0,1,0,0,0,0,0
Ammonio-Illite/Smect GDS87 s06an14a_bb_,0,0,0,0,1,0,0,0,0,0
Ammonio-Jarosite SCF-NHJ s06an14a_a    ,0,0,0,0,0,0,0,0,0,0
Ammonio-Jarosite SCR-NHJ s06an14a_a    ,0,0,0,0,0,0,0,0,0,0
Ammonio-Smectite GDS86 s06an14a_b      ,0,0,0,0,0,0,0,0,0,0
Amphibole NMNH78662 s06an14a_b         ,0,0,0,0,0,0,0,0,0,0
Amphibole NMNH78662 s06an14a_bbb       ,0,0,0,0,0,0,0,0,0,0
Analcime GDS1 Zeolite s06an14a_a       ,0,0,0,0,0,0,0,0,0,0
Analcime GDS1 Zeolite s06an14a_aaa     ,0,0,0,0,0,0,0,0,0,0
Andalusite NMNHR17898 s06an14a_c       ,0,0,0,0,0,0,0,0,0,0
Andalusite NMNHR17898 <74 s06an14a_cb_ ,0,0,0,0,0,0,0,0,0,0
Andalusite NMNHR17898 lggr s06an14a_cb_,0,0,0,0,0,0,0,0,0,0
Andesine HS142.3B s06an14a_c           ,0,0,0,0,0,0,0,0,0,0
Andesine HS142.3B s06an14a_ccc         ,0,0,0,0,0,0,0,0,0,0
Andradite GDS12 Garnet s06an14a_c      ,0,0,0,0,0,0,0,0,0,0
Andradite GDS12 Garnet s06an14a_cc_    ,0,0,0,0,0,0,0,0,0,0
Andradite HS111.3B Garnet s06an14a_b   ,0,0,0,0,0,0,0,0,0,0
Andradite HS111.3b Garnet s06an14a_bbb ,0,0,0,0,0,0,0,0,0,0
Andradite NMNH113829 Garnet s06an14a_b ,0,0,0,0,0,0,0,0,0,0
andradite NMNH113829 Garnt s06an14a_bbb,0,0,0,0,0,0,0,0,0,0
Andradite WS474 s06an14a_b             ,0,0,0,0,0,0,0,0,0,0
Andradite WS487 Garnet s06an14a_b      ,0,0,0,0,0,0,0,0,0,0
Andradite WS487 Garnet s06an14a_bb_    ,0,0,0,0,0,0,0,0,0,0
Andradite WS488 Garnet s06an14a_c      ,0,0,0,0,0,0,0,0,0,0
Andradite WS488 Garnet s06an14a_cc_    ,0,0,0,0,0,0,0,0,0,0
Anhydrite GDS42 <250um s06an14a_a      ,0,0,0,0,0,0,0,0,0,0
Anhydrite GDS42 Garnet s06an14a_aa_    ,0,0,0,0,0,0,0,0,0,0
Annite WS661 Biotite s06an14a_b        ,0,0,0,0,0,0,0,0,0,0
Annite WS661 Biotite s06an14a_bb_      ,0,0,0,0,0,0,0,0,0,0
Anorthite GDS28 Syn <74um s06an14a_a   ,0,0,0,0,0,0,0,0,0,0
Anorthite GDS28 Syn <74 s06an14a_aa_   ,0,0,0,0,0,0,0,0,0,0
Anorthite HS201.3B Plagio s06an14a_a   ,0,0,0,0,0,0,0,0,0,0
Anorthite HS201.3B Plagio s06an14a_aa_ ,0,0,0,0,0,0,0,0,0,0
Anorthite HS349.3B Plagio s06an14a_c   ,0,0,0,0,0,0,0,0,0,0
Anorthite HS349.3B Plagio s06an14a_ccc ,0,0,0,0,0,0,0,0,0,0
Anthophyllite HS286.3B s06an14a_c      ,0,0,0,0,0,0,0,0,0,0
Anthophyllite HS286.3B s06an14a_dd_    ,0,0,0,0,0,0,0,0,0,0
Antigorite NMNH17958 s06an14a_b        ,0,0,0,0,0,0,0,0,0,0
Antigorite NMNH96917.f <30u s06an14a_b ,0,0,0,0,0,0,0,0,0,0
Antigorite NMNH96917.e 32um s06an14a_b ,0,0,0,0,0,0,0,0,0,0
Antigorite NMNH96917.e s06an14a_bb_    ,0,0,0,0,0,0,0,0,0,0
Antigorite NMNH96917.d 70um s06an14a_b ,0,0,0,0,0,0,0,0,0,0
Antigorite NMNH96917.d s06an14a_bb_    ,0,0,0,0,0,0,0,0,0,0
Antigorite NMNH96917.c 120um s06an14a_b,0,0,0,0,0,0,0,0,0,0
Antigorite NMNH96917.c s06an14a_bb_    ,0,0,0,0,0,0,0,0,0,0
Antigorite NMNH96917.b 165u s06an14a_b ,0,0,0,0,0,0,0,0,0,0
Antigorite NMNH96917.b s06an14a_bb_    ,0,0,0,0,0,0,0,0,0,0
Antigorite NMNH96917.a >250 s06an14a_b ,0,0,0,0,0,0,0,0,0,0
Antigorite NMNH96917.a s06an14a_bb_    ,0,0,0,0,0,0,0,0,0,0
Arsenopyrite HS262.3B s06an14a_c       ,0,0,0,0,0,0,0,0,0,0
Arsenopyrite HS262.3B s06an14a_cd_     ,0,0,0,0,0,0,0,0,0,0
Augite NMNH120049 s06an14a_b           ,0,0,0,0,0,0,0,0,0,0
Augite WS588 Pyroxene s06an14a_b       ,0,0,0,0,0,0,0,0,0,0
Augite WS588 Pyroxene s06an14a_cbb     ,0,0,0,0,0,0,0,0,0,0
Augite WS592 Pyroxene s06an14a_b       ,0,0,0,0,0,0,0,0,0,0
Augite WS592 Pyroxene s06an14a_cc_     ,0,0,0,0,0,0,0,0,0,0
Axinite HS342.3B s06an14a_b            ,0,0,0,0,0,0,0,0,0,0
Axinite HS342.3B s06an14a_cbb          ,0,0,0,0,0,0,0,0,0,0
Azurite WS316 s06an14a_a               ,0,0,0,0,0,0,0,0,0,0
Barite HS79.3B s06an14a_b              ,0,0,0,0,0,0,0,0,0,0
Barite HS79.3B s06an14a_bb_            ,0,0,0,0,0,0,0,0,0,0
Bassanite GDS145 (syn) s06an14a_a      ,0,0,0,0,0,0,0,0,0,0
Bassanite GDS145 (syn) s06an14a_aa_    ,0,0,0,0,0,0,0,0,0,0
Beryl GDS9 <150um gs s06an14a_b        ,0,0,0,0,0,0,0,0,0,0
Beryl GDS9 <150um gs s06an14a_bbb      ,0,0,0,0,0,0,0,0,0,0
Beryl HS180.3B s06an14a_a              ,0,0,0,0,0,0,0,0,0,0
Beryl HS180.3B s06an14a_aaa            ,0,0,0,0,0,0,0,0,0,0
Biotite HS28.3B s06an14a_b             ,0,0,0,0,0,0,0,0,0,0
Biotite HS28.3B s06an14a_bbb           ,0,0,0,0,0,0,0,0,0,0
Biotite WS660 s06an14a_b               ,0,0,0,0,0,0,0,0,0,0
Biotite WS660 s06an14a_cc_             ,0,0,0,0,0,0,0,0,0,0
Bloedite GDS147 s06an14a_a             ,0,0,0,0,0,0,0,0,0,0
Bloedite GDS147 s06an14a_aa_           ,0,0,0,0,0,0,0,0,0,0
Bronzite HS9.3B Pyroxene s06an14a_c    ,0,0,0,0,0,0,0,0,0,0
Bronzite HS9.3B Pyroxene s06an14a_ccc  ,0,0,0,0,0,0,0,0,0,0
Brookite HS443.2B s06an14a_b           ,0,0,0,0,0,0,0,0,0,0
Brookite HS443.2B s06an14a_bc_         ,0,0,0,0,0,0,0,0,0,0
Brucite HS247.3B s06an14a_c            ,0,0,0,0,0,0,0,0,0,0
Brucite HS34827.3B s06an14a_ccc        ,0,0,0,0,0,0,0,0,0,0
Buddingtonite GDS85 D-206 s06an14a_b   ,0,0,0,0,0,0,0,0,0,0
Buddingtonite NHB2301 s06an14a_b       ,0,0,0,0,0,0,0,0,0,0
Butlerite GDS25 s06an14a_a             ,0,0,0,0,0,0,0,0,0,0
Butlerite GDS25 s06an14a_aaa           ,0,0,0,0,0,0,0,0,0,0
Bytownite HS105.3B Plagio s06an14a_b   ,0,0,0,0,0,0,0,0,0,0
Bytownite HS105.3B Plagio s06an14a_bbb ,0,0,0,0,0,0,0,0,0,0
Bytownite HS106.3B Plagio s06an14a_c   ,0,0,0,0,0,0,0,0,0,0
Bytownite HS106.3B Plagio s06an14a_ccc ,0,0,0,0,0,0,0,0,0,0
Calcite CO2004 s06an14a_b              ,0,0,0,0,0,0,0,0,1,0
Calcite GDS304 75-150um s06an14a_b     ,0,0,0,0,0,0,0,0,1,0
Calcite HS48.3B s06an14a_a             ,0,0,0,0,0,0,0,0,1,0
Calcite WS272 s06an14a_a               ,0,0,0,0,0,0,0,0,1,0
Calcite WS272 s06an14a_aaa             ,0,0,0,0,0,0,0,0,1,0
Carbon_Black GDS68 sm.ap. s06an14a_a   ,0,0,0,0,0,0,0,0,0,0
Carnallite HS430.3B s06an14a_a         ,0,0,0,0,0,0,0,0,0,0
Carnallite HS430.3B s06an14a_aa_       ,0,0,0,0,0,0,0,0,0,0
Carnallite NMNH98011 s06an14a_b        ,0,0,0,0,0,0,0,0,0,0
Carnallite NMNH98011 s06an14a_bb_      ,0,0,0,0,0,0,0,0,0,0
Cassiterite HS279.3B s06an14a_c        ,0,0,0,0,0,0,0,0,0,0
Cassiterite HS279.3B s06an14a_bbb      ,0,0,0,0,0,0,0,0,0,0
Celestite HS251.3B Barite s06an14a_b   ,0,0,0,0,0,0,0,0,0,0
Celestite HS251.3B Barite s06an14a_bbb ,0,0,0,0,0,0,0,0,0,0
Celsian HS200.3B s06an14a_d            ,0,0,0,0,0,0,0,0,0,0
Celsian HS200.3B s06an14a_ddd          ,0,0,0,0,0,0,0,0,0,0
Chalcedony CU91-6A s06an14a_a          ,0,0,0,0,0,0,0,0,0,0
Chalcedony CU91-6A XRD s06an14a_aa_    ,0,0,0,0,0,0,0,0,0,0
Chalcopyrite HS431.3B s06an14a_b       ,0,0,0,0,0,0,0,0,0,0
Chalcopyrite HS431.3B s06an14a_bc_     ,0,0,0,0,0,0,0,0,0,0
Chalcopyrite S26-36 s06an14a_b         ,0,0,0,0,0,0,0,0,0,0
Chert ANP90-6D (White) s06an14a_?      ,0,0,0,0,0,0,0,0,0,0
Chlorapatite WS423 s06an14a_b          ,0,0,0,0,0,0,0,0,0,0
Chlorapatite WS423 s06an14a_bb_        ,0,0,0,0,0,0,0,0,0,0
Chlorite HS179.3B s06an14a_b           ,0,0,0,0,0,0,0,0,0,1
Chlorite HS179.3B s06an14a_bb_         ,0,0,0,0,0,0,0,0,0,1
Chlorite HS197.3B s06an14a_b           ,0,0,0,0,0,0,0,0,0,1
Chlorite HS197.3B s06an14a_bbb         ,0,0,0,0,0,0,0,0,0,1
Chlorite SMR-13.a s06an14a_a           ,0,0,0,0,0,0,0,0,0,1
Chlorite SMR-13.a 104-150 s06an14a_a   ,0,0,0,0,0,0,0,0,0,1
Chlorite SMR-13.a 104-150 s06an14a_aa_ ,0,0,0,0,0,0,0,0,0,1
Chlorite SMR-13.b 60-104um s06an14a_a  ,0,0,0,0,0,0,0,0,0,1
Chlorite SMR-13.c 45-60um s06an14a_a   ,0,0,0,0,0,0,0,0,0,1
Chlorite SMR-13.c 45-60um s06an14a_aa_ ,0,0,0,0,0,0,0,0,0,1
Chlorite SMR-13.d 30-45um s06an14a_a   ,0,0,0,0,0,0,0,0,0,1
Chlorite SMR-13.d 30-45um s06an14a_aa_ ,0,0,0,0,0,0,0,0,0,1
Chlorite SMR-13.e <30um s06an14a_b     ,0,0,0,0,0,0,0,0,0,1
Chlorite SMR-13.e <30um s06an14a_bb_   ,0,0,0,0,0,0,0,0,0,1
Chromite HS281.3B s06an14a_b           ,0,0,0,0,0,0,0,0,0,0
Chromite HS281.3B s06an14a_bcb         ,0,0,0,0,0,0,0,0,0,0
Chrysocolla HS297.3B s06an14a_b        ,0,0,0,0,0,0,0,0,0,0
Chrysocolla HS297.3B s06an14a_bcb      ,0,0,0,0,0,0,0,0,0,0
Chrysotile HS323.1B s06an14a_a         ,0,0,0,0,0,0,0,0,0,0
Chrysotile ML99-12A Coar Fib s06an14a_b,0,0,0,0,0,0,0,0,0,0
Chrysotile ML99-12C Fine Fib s06an14a_b,0,0,0,0,0,0,0,0,0,0
Cinnabar HS133.3B s06an14a_c           ,0,0,0,0,0,0,0,0,0,0
Cinnabar HS133.3B s06an14a_ddd         ,0,0,0,0,0,0,0,0,0,0
Clinochlore GDS158 Flagst s06an14a_b   ,0,0,0,0,0,0,0,0,0,0
Clinochlore GDS158 Flagst s06an14a_bb_ ,0,0,0,0,0,0,0,0,0,0
Clinochlore GDS159 s06an14a_b          ,0,0,0,0,0,0,0,0,0,0
Clinochlore GDS159 s06an14a_bb_        ,0,0,0,0,0,0,0,0,0,0
Clinochlore NMNH83369 s06an14a_b       ,0,0,0,0,0,0,0,0,0,0
Clinochlore NMNH83369 NIR s06an14a_b   ,0,0,0,0,0,0,0,0,0,0
Clinochlore NMNH83369 s06an14a_bbb     ,0,0,0,0,0,0,0,0,0,0
Clinochlore_Fe GDS157 s06an14a_a       ,0,0,0,0,0,0,0,0,0,0
Clinochlore_Fe GDS157.b s06an14a_a     ,0,0,0,0,0,0,0,0,0,0
Clinochlore_Fe GDS157 NIR s06an14a_a   ,0,0,0,0,0,0,0,0,0,0
Clinochlore_Fe GDS157 s06an14a_aa_     ,0,0,0,0,0,0,0,0,0,0
Clinochlore_Fe SC-CCa-1.a s06an14a_a   ,0,0,0,0,0,0,0,0,0,0
Clinochlore_Fe SC-CCa-1.a s06an14a_aa_ ,0,0,0,0,0,0,0,0,0,0
Clinochlore_Fe SC-CCa-1.b s06an14a_a   ,0,0,0,0,0,0,0,0,0,0
Clinochlore_Fe SC-CCa-1.b s06an14a_aa_ ,0,0,0,0,0,0,0,0,0,0
Clinochlore_Fe SC-CCa-1.c s06an14a_a   ,0,0,0,0,0,0,0,0,0,0
Clinochlore_Fe SC-CCa-1.c s06an14a_aa_ ,0,0,0,0,0,0,0,0,0,0
Clinoptilolite GDS152 Zeolit s06an14a_b,0,0,0,0,0,0,0,0,0,0
Clinoptilolite GDS152 Zeol s06an14a_bbb,0,0,0,0,0,0,0,0,0,0
Clinoptilolite GDS2 Zeolite s06an14a_b ,0,0,0,0,0,0,0,0,0,0
Clinoptilolite GDS2 Zeolit s06an14a_bbb,0,0,0,0,0,0,0,0,0,0
Clinozoisite HS299.2B s06an14a_d       ,0,0,0,0,0,0,0,0,0,0
Clinozoisite HS299.2B s06an14a_bc_     ,0,0,0,0,0,0,0,0,0,0
Clintonite NMNH126553 s06an14a_c       ,0,0,0,0,0,0,0,0,0,0
Colemanite GDS143 s06an14a_b           ,0,0,0,0,0,0,0,0,0,0
Colemanite GDS143 s06an14a_bb_         ,0,0,0,0,0,0,0,0,0,0
Cookeite CAr-1.a 104-150um s06an14a_b  ,0,0,0,0,0,0,0,0,0,0
Cookeite CAr-1.a 104-150um s06an14a_bb_,0,0,0,0,0,0,0,0,0,0
Cookeite CAr-1.b 60-104um s06an14a_b   ,0,0,0,0,0,0,0,0,0,0
Cookeite CAr-1.b 60-104um s06an14a_b   ,0,0,0,0,0,0,0,0,0,0
Cookeite CAr-1.b 60-104um s06an14a_bb_ ,0,0,0,0,0,0,0,0,0,0
Cookeite CAr-1.c <30um s06an14a_b      ,0,0,0,0,0,0,0,0,0,0
Cookeite CAr-1.c <30um s06an14a_cc_    ,0,0,0,0,0,0,0,0,0,0
Copiapite GDS21 s06an14a_b             ,0,0,0,0,0,0,0,0,0,0
Copiapite GDS21 s06an14a_bc_           ,0,0,0,0,0,0,0,0,0,0
Coquimbite GDS22 s06an14a_c            ,0,0,0,0,0,0,0,0,0,0
Cordierite HS346.3B s06an14a_d         ,0,0,0,0,0,0,0,0,0,0
Cordierite HS346.3B s06an14a_ddd       ,0,0,0,0,0,0,0,0,0,0
Corrensite CorWa-1 s06an14a_b          ,0,0,0,0,0,0,0,0,0,0
Corrensite CorWa-1 s06an14a_bc_        ,0,0,0,0,0,0,0,0,0,0
Corundum HS283.3B s06an14a_c           ,0,0,0,0,0,0,0,0,0,0
Covellite HS477.2B s06an14a_b          ,0,0,0,0,0,0,0,0,0,0
Covellite HS477.3B s06an14a_bbb        ,0,0,0,0,0,0,0,0,0,0
Cronstedtite M3542 s06an14a_b          ,0,0,0,0,0,0,0,0,0,0
Cronstedtite M3542 s06an14a_bb_        ,0,0,0,0,0,0,0,0,0,0
Cummingtonite HS294.3B s06an14a_c      ,0,0,0,0,0,0,0,0,0,0
Cummingtonite HS294.3B s06an14a_ccc    ,0,0,0,0,0,0,0,0,0,0
Cuprite HS127.3B s06an14a_b            ,0,0,0,0,0,0,0,0,0,0
Cuprite HS127.3B s06an14a_ccc          ,0,0,0,0,0,0,0,0,0,0
Datolite HS442.3B s06an14a_b           ,0,0,0,0,0,0,0,0,0,0
Datolite HS442.3B s06an14a_bbb         ,0,0,0,0,0,0,0,0,0,0
Datolite SU51399 s06an14a_b            ,0,0,0,0,0,0,0,0,0,0
Diaspore HS416.3B s06an14a_b           ,0,0,0,0,0,0,0,0,0,0
Diaspore HS416.3B s06an14a_bb_         ,0,0,0,0,0,0,0,0,0,0
Dickite NMNH106242 s06an14a_b          ,0,0,0,0,0,0,0,0,0,0
Dickite NMNH106242 s06an14a_b          ,0,0,0,0,0,0,0,0,0,0
Dickite NMNH106242 s06an14a_bb_        ,0,0,0,0,0,0,0,0,0,0
Dickite NMNH46967 s06an14a_a           ,0,0,0,0,0,0,0,0,0,0
Diopside HS15.3B Pyroxene s06an14a_c   ,0,0,0,0,0,0,0,0,0,0
Diopside HS15.3B Pyroxene s06an14a_dbb ,0,0,0,0,0,0,0,0,0,0
Diopside HS317.3B (Cr)Pyx s06an14a_c   ,0,0,0,0,0,0,0,0,0,0
Diopside HS317.3B (Cr)Pyx s06an14a_dbb ,0,0,0,0,0,0,0,0,0,0
Diopside NMNHR18685 ~160 Pyx s06an14a_b,0,0,0,0,0,0,0,0,0,0
Diopside NMNHR18685 ~160 s06an14a_cbb  ,0,0,0,0,0,0,0,0,0,0
Dipyre BM1959,0,0,0,0,0,0,0,0,0,0
Dolomite COD2005 s06an14a_b            ,0,0,0,1,0,0,0,0,0,0
Dolomite HS102.3B s06an14a_b           ,0,0,0,1,0,0,0,0,0,0
Dolomite HS102.3B s06an14a_bbb         ,0,0,0,1,0,0,0,0,0,0
Dolomite ML97-3 Ferroan s06an14a_b     ,0,0,0,1,0,0,0,0,0,0
Dumortierite HS190.3B s06an14a_c       ,0,0,0,0,0,0,0,0,0,0
Dumortierite HS190.3B s06an14a_cdd     ,0,0,0,0,0,0,0,0,0,0
Elbaite NMNH94217-1.a 659 s06an14a_b   ,0,0,0,0,0,0,0,0,0,0
Elbaite NMNH94217-1.a 659 s06an14a_bbb ,0,0,0,0,0,0,0,0,0,0
Elbaite NMNH94217-1.b 196 s06an14a_b   ,0,0,0,0,0,0,0,0,0,0
Elbaite NMNH94217-1.b 196 s06an14a_bbb ,0,0,0,0,0,0,0,0,0,0
Elbaite NMNH94217-1.c <74 s06an14a_b   ,0,0,0,0,0,0,0,0,0,0
Endellite GDS16 s06an14a_b             ,0,0,0,0,0,0,0,0,0,0
Endellite GDS16 s06an14a_bbb           ,0,0,0,0,0,0,0,0,0,0
Enstatite NMNH128288 s06an14a_c        ,0,0,0,0,0,0,0,0,0,0
Enstatite NMNH128288 s06an14a_ccc      ,0,0,0,0,0,0,0,0,0,0
Epidote BR93-33a s06an14a_b            ,0,0,0,0,0,0,0,0,0,0
Epidote GDS26.a 75-200um s06an14a_bbb  ,0,0,0,0,0,0,0,0,0,0
Epidote GDS26.a 75-200um s06an14a_b    ,0,0,0,0,0,0,0,0,0,0
Epidote GDS26.b <75um s06an14a_b       ,0,0,0,0,0,0,0,0,0,0
Epidote GDS301 75-150um s06an14a_b     ,0,0,0,0,0,0,0,0,0,0
Epidote HS328.3B s06an14a_c            ,0,0,0,0,0,0,0,0,0,0
Epidote HS328.3B s06an14a_bc_          ,0,0,0,0,0,0,0,0,0,0
Epsomite GDS149 s06an14a_c             ,0,0,0,0,0,0,0,0,0,0
Epsomite GDS149 s06an14a_cc_           ,0,0,0,0,0,0,0,0,0,0
Eugsterite GDS140 Syn s06an14a_b       ,0,0,0,0,0,0,0,0,0,0
Eugsterite GDS140 Syn s06an14a_bb_     ,0,0,0,0,0,0,0,0,0,0
Europium_Oxide GDS33 s06an14a_a        ,0,0,0,0,0,0,0,0,0,0
Fassaite HS118.3B s06an14a_c           ,0,0,0,0,0,0,0,0,0,0
Fassaite HS118.3B s06an14a_ccc         ,0,0,0,0,0,0,0,0,0,0
Ferrihydrite GDS75 Syn,0,0,0,0,0,0,0,0,0,0
Fluorapatite WS416 s06an14a_a          ,0,0,0,0,0,0,0,0,0,0
Fluorapatite WS416 s06an14a_aa_        ,0,0,0,0,0,0,0,0,0,0
Galena HS37.3 s06an14a_b               ,0,0,0,0,0,0,0,0,0,0
Galena HS37.3 s06an14a_bb_             ,0,0,0,0,0,0,0,0,0,0
Galena S102-17 s06an14a_b              ,0,0,0,0,0,0,0,0,0,0
Galena S102-1B s06an14a_b              ,0,0,0,0,0,0,0,0,0,0
Galena S105-2 s06an14a_b               ,0,0,0,0,0,0,0,0,0,0
Galena S26-39 s06an14a_b               ,0,0,0,0,0,0,0,0,0,0
Galena S26-40 s06an14a_b               ,0,0,0,0,0,0,0,0,0,0
Gaylussite NMNH102876-2 s06an14a_b     ,0,0,0,0,0,0,0,0,0,0
Gaylussite NMNH102876-2 s06an14a_bb_   ,0,0,0,0,0,0,0,0,0,0
Gibbsite HS423.3B s06an14a_b           ,0,0,0,0,0,0,0,0,0,0
Gibbsite HS423.3B s06an14a_bbb         ,0,0,0,0,0,0,0,0,0,0
Gibbsite WS214 s06an14a_b              ,0,0,0,0,0,0,0,0,0,0
Glauconite HS313.3B s06an14a_c         ,0,0,0,0,0,0,0,0,0,0
Glauconite HS313.3B s06an14a_ccc       ,0,0,0,0,0,0,0,0,0,0
Glaucophane HS426.3B s06an14a_c        ,0,0,0,0,0,0,0,0,0,0
Glaucophane HS426.3B s06an14a_ccc      ,0,0,0,0,0,0,0,0,0,0
Goethite GDS134 s06an14a_b             ,1,0,0,0,0,0,0,0,0,0
Goethite GDS134 s06an14a_bb_           ,1,0,0,0,0,0,0,0,0,0
Goethite HS36.3 s06an14a_b             ,1,0,0,0,0,0,0,0,0,0
Goethite HS36.3B s06an14a_bcb          ,1,0,0,0,0,0,0,0,0,0
Goethite MPCMA2-B FineGr adj s06an14a_b,1,0,0,0,0,0,0,0,0,0
Goethite MPCMA2-C M-Crsgrad2 s06an14a_b,1,0,0,0,0,0,0,0,0,0
Goethite WS219 (limonite) s06an14a_c   ,1,0,0,0,0,0,0,0,0,0
Goethite WS220 s06an14a_c              ,1,0,0,0,0,0,0,0,0,0
Goethite WS220 s06an14a_cd_            ,1,0,0,0,0,0,0,0,0,0
Goethite WS222 Medium Gr. s06an14a_a   ,1,0,0,0,0,0,0,0,0,0
Goethite WS222 Coarse Gr. s06an14a_a   ,1,0,0,0,0,0,0,0,0,0
Goethite WS222 Medium Gr. s06an14a_aa_ ,1,0,0,0,0,0,0,0,0,0
Grossular HS113.3B-HCL Garnt s06an14a_d,0,0,0,0,0,0,0,0,0,0
Grossular HS113.3B-HCL s06an14a_ccc    ,0,0,0,0,0,0,0,0,0,0
Grossular NMNH155371 Garnet s06an14a_b ,0,0,0,0,0,0,0,0,0,0
Grossular NMNH155371 Garnt s06an14a_cbb,0,0,0,0,0,0,0,0,0,0
Grossular WS483 Garnet s06an14a_b      ,0,0,0,0,0,0,0,0,0,0
Grossular WS483 Garnet s06an14a_cc_    ,0,0,0,0,0,0,0,0,0,0
Grossular WS484 Garnet s06an14a_b      ,0,0,0,0,0,0,0,0,0,0
Grossular WS484 Garnet s06an14a_bb_    ,0,0,0,0,0,0,0,0,0,0
Grossular WS485 Garnet s06an14a_b      ,0,0,0,0,0,0,0,0,0,0
Grossular WS485 Garnet s06an14a_bb_    ,0,0,0,0,0,0,0,0,0,0
Gypsum HS333.3B (Selenite) s06an14a_a  ,0,0,0,0,0,0,0,1,0,0
Gypsum HS333.3B (Selenite) s06an14a_aaa,0,0,0,0,0,0,0,1,0,0
Gypsum SU2202 s06an14a_a               ,0,0,0,0,0,0,0,1,0,0
Halite HS433.3B s06an14a_a             ,0,0,0,0,0,0,0,0,0,0
Halite HS433.3B s06an14a_aa_           ,0,0,0,0,0,0,0,0,0,0
Halloysite CM13 s06an14a_b             ,0,0,0,0,0,0,0,0,0,0
Halloysite CM13 s06an14a_bbb           ,0,0,0,0,0,0,0,0,0,0
Halloysite KLH503 s06an14a_b           ,0,0,0,0,0,0,0,0,0,0
Halloysite NMNH106236 s06an14a_a       ,0,0,0,0,0,0,0,0,0,0
Halloysite NMNH106237 s06an14a_a       ,0,0,0,0,0,0,0,0,0,0
Halloysite NMNH106237 s06an14a_aaa     ,0,0,0,0,0,0,0,0,0,0
Halloysite NMNH106237 scl Bk s06an14a_a,0,0,0,0,0,0,0,0,0,0
Hectorite SHCa-1 s06an14a_c            ,0,0,0,0,0,0,0,0,0,0
Hectorite SHCa-1.Ac-B s06an14a_b       ,0,0,0,0,0,0,0,0,0,0
Hectorite SHCa-1.Ac-B s06an14a_bb_     ,0,0,0,0,0,0,0,0,0,0
Hedenbergite HS10.3B s06an14a_c        ,0,0,0,0,0,0,0,0,0,0
Hedenbergite HS10.3B s06an14a_ccc      ,0,0,0,0,0,0,0,0,0,0
Hedenbergite NMNH119197 s06an14a_b     ,0,0,0,0,0,0,0,0,0,0
Hedenbergite NMNH119197 s06an14a_cb_   ,0,0,0,0,0,0,0,0,0,0
Hematite FE2602 s06an14a_b             ,0,1,0,0,0,0,0,0,0,0
Hematite GDS27 s06an14a_a              ,0,1,0,0,0,0,0,0,0,0
Hematite GDS69.a 150-250u s06an14a_b   ,0,1,0,0,0,0,0,0,0,0
Hematite GDS69.a 150-250u s06an14a_bbb ,0,1,0,0,0,0,0,0,0,0
Hematite GDS69.b 104-150u s06an14a_b   ,0,1,0,0,0,0,0,0,0,0
Hematite GDS69.b 104-150u s06an14a_bbb ,0,1,0,0,0,0,0,0,0,0
Hematite GDS69.c 60-104um s06an14a_b   ,0,1,0,0,0,0,0,0,0,0
Hematite GDS69.c 60-104um s06an14a_bb_ ,0,1,0,0,0,0,0,0,0,0
Hematite GDS69.d 30-45um s06an14a_b    ,0,1,0,0,0,0,0,0,0,0
Hematite GDS69.d 30-45um s06an14a_bbb  ,0,1,0,0,0,0,0,0,0,0
Hematite GDS69.e 20-30um s06an14a_b    ,0,1,0,0,0,0,0,0,0,0
Hematite GDS69.e 20-30um s06an14a_bbb  ,0,1,0,0,0,0,0,0,0,0
Hematite GDS69.f 10-20um s06an14a_b    ,0,1,0,0,0,0,0,0,0,0
Hematite GDS69.f 10-20um s06an14a_bbb  ,0,1,0,0,0,0,0,0,0,0
Hematite GDS69.g <10um s06an14a_b      ,0,1,0,0,0,0,0,0,0,0
Hematite GDS69.g <10um s06an14a_dcc    ,0,1,0,0,0,0,0,0,0,0
Hematite HS45.3 s06an14a_b             ,0,1,0,0,0,0,0,0,0,0
Hematite HS45.3 s06an14a_bc_           ,0,1,0,0,0,0,0,0,0,0
Hematite WS161 s06an14a_b              ,0,1,0,0,0,0,0,0,0,0
Heulandite GDS3 s06an14a_a             ,0,0,0,0,0,0,0,0,0,0
Heulandite GDS3 s06an14a_aa_           ,0,0,0,0,0,0,0,0,0,0
Heulandite NMNH84534 s06an14a_a        ,0,0,0,0,0,0,0,0,0,0
Heulandite NMNH84534 s06an14a_aa_      ,0,0,0,0,0,0,0,0,0,0
Holmquistite HS291.3B s06an14a_d       ,0,0,0,0,0,0,0,0,0,0
Holmquistite HS291.3B s06an14a_dd_     ,0,0,0,0,0,0,0,0,0,0
Hornblende HS16.3B s06an14a_b          ,0,0,0,0,0,0,0,0,0,0
Hornblende HS16.3B s06an14a_cb_        ,0,0,0,0,0,0,0,0,0,0
Hornblende HS177.3B s06an14a_c         ,0,0,0,0,0,0,0,0,0,0
Hornblende HS177.3B s06an14a_bb_       ,0,0,0,0,0,0,0,0,0,0
Hornblende_Fe HS115.3B s06an14a_c      ,0,0,0,0,0,0,0,0,0,0
Hornblende_Fe HS115.3B s06an14a_cb_    ,0,0,0,0,0,0,0,0,0,0
Hornblende_Mg NMNH117329 s06an14a_b    ,0,0,0,0,0,0,0,0,0,0
Hornblende_Mg NMNH117329 s06an14a_bb_  ,0,0,0,0,0,0,0,0,0,0
Howlite GDS155 s06an14a_a              ,0,0,0,0,0,0,0,0,0,0
Howlite GDS155 s06an14a_aa_            ,0,0,0,0,0,0,0,0,0,0
Hydrogrossular NMNH120555 s06an14a_b   ,0,0,0,0,0,0,0,0,0,0
Hydrogrossular NMNH120555 s06an14a_bb_ ,0,0,0,0,0,0,0,0,0,0
Hydroxyl-Apatite WS425 s06an14a_b      ,0,0,0,0,0,0,0,0,0,0
Hydroxyl-Apatite WS425 s06an14a_bb_    ,0,0,0,0,0,0,0,0,0,0
Hypersthene NMNHC2368 s06an14a_b       ,0,0,0,0,0,0,0,0,0,0
Hypersthene NMNHC2368 s06an14a_bbb     ,0,0,0,0,0,0,0,0,0,0
Hypersthene PYX02.a 12um s06an14a_c    ,0,0,0,0,0,0,0,0,0,0
Hypersthene PYX02.a 12um s06an14a_cbb  ,0,0,0,0,0,0,0,0,0,0
Hypersthene PYX02.b 120um s06an14a_c   ,0,0,0,0,0,0,0,0,0,0
Hypersthene PYX02.b 120um s06an14a_cbb ,0,0,0,0,0,0,0,0,0,0
Hypersthene PYX02.c 180um s06an14a_c   ,0,0,0,0,0,0,0,0,0,0
Hypersthene PYX02.c 180um s06an14a_cbb ,0,0,0,0,0,0,0,0,0,0
Hypersthene PYX02.d 23um s06an14a_c    ,0,0,0,0,0,0,0,0,0,0
Hypersthene PYX02.d 23um s06an14a_cbb  ,0,0,0,0,0,0,0,0,0,0
Hypersthene PYX02.e 34um s06an14a_c    ,0,0,0,0,0,0,0,0,0,0
Hypersthene PYX02.e 34um s06an14a_cbb  ,0,0,0,0,0,0,0,0,0,0
Hypersthene PYX02.f 60um s06an14a_c    ,0,0,0,0,0,0,0,0,0,0
Hypersthene PYX02.f 60um s06an14a_cbb  ,0,0,0,0,0,0,0,0,0,0
Hypersthene PYX02.g 7um s06an14a_c     ,0,0,0,0,0,0,0,0,0,0
Hypersthene PYX02.g 7um s06an14a_cbb   ,0,0,0,0,0,0,0,0,0,0
Hypersthene PYX02.h >250um s06an14a_c  ,0,0,0,0,0,0,0,0,0,0
Hypersthene PYX02.h >250um s06an14a_cbb,0,0,0,0,0,0,0,0,0,0
Illite GDS4 (Marblehead) s06an14a_b    ,0,0,0,0,1,0,0,0,0,0
Illite GDS4 (Marblehead) s06an14a_bb_  ,0,0,0,0,1,0,0,0,0,0
Illite IL101 (2M2) s06an14a_b          ,0,0,0,0,1,0,0,0,0,0
Illite IL105 (1Md) s06an14a_b          ,0,0,0,0,1,0,0,0,0,0
Illite IMt-1.a s06an14a_b              ,0,0,0,0,1,0,0,0,0,0
Illite IMt-1.a s06an14a_bb_            ,0,0,0,0,1,0,0,0,0,0
Illite IMt-1.b <2um s06an14a_a         ,0,0,0,0,1,0,0,0,0,0
Illite IMt-1.b <2um s06an14a_aa_       ,0,0,0,0,1,0,0,0,0,0
Ilmenite HS231.3B s06an14a_b           ,0,0,0,0,0,0,0,0,0,0
Ilmenite HS231.3B s06an14a_bc_         ,0,0,0,0,0,0,0,0,0,0
Jadeite HS343.3B s06an14a_b            ,0,0,0,0,0,0,0,0,0,0
Jadeite HS343.3B s06an14a_cb_          ,0,0,0,0,0,0,0,0,0,0
Jarosite GDS100 Na,0,0,0,0,0,0,0,0,0,0
Jarosite GDS100 Na,0,0,0,0,0,0,0,0,0,0
Jarosite GDS101 Na,0,0,0,0,0,0,0,0,0,0
Jarosite GDS101 Na,0,0,0,0,0,0,0,0,0,0
Jarosite GDS24 Na s06an14a_b           ,0,0,0,0,0,0,0,0,0,0
Jarosite GDS24 Na s06an14a_bbb         ,0,0,0,0,0,0,0,0,0,0
Jarosite GDS98 K 90C Syn s06an14a_a    ,0,0,0,0,0,0,0,0,0,0
Jarosite GDS98 K 90C Syn s06an14a_a    ,0,0,0,0,0,0,0,0,0,0
Jarosite GDS98 K 90C Syn s06an14a_aa_  ,0,0,0,0,0,0,0,0,0,0
Jarosite GDS99 K 200C Syn s06an14a_a   ,0,0,0,0,0,0,0,0,0,0
Jarosite GDS99 K 200C Syn s06an14a_a   ,0,0,0,0,0,0,0,0,0,0
Jarosite GDS99 K 200C Syn s06an14a_aa_ ,0,0,0,0,0,0,0,0,0,0
Jarosite JR2501 (K) s06an14a_b         ,0,0,0,0,0,0,0,0,0,0
Jarosite NMNH95074-1 (Na) s06an14a_b   ,0,0,0,0,0,0,0,0,0,0
Jarosite NMNH95074-1 (Na) s06an14a_bb_ ,0,0,0,0,0,0,0,0,0,0
Jarosite SJ-1 H3O,0,0,0,0,0,0,0,0,0,0
Jarosite SJ-1 H3O (20%) Syn s06an14a_b ,0,0,0,0,0,0,0,0,0,0
Jarosite SJ-1 H3O 10-20% s06an14a_bb_  ,0,0,0,0,0,0,0,0,0,0
Jarosite WS368 (Pb) s06an14a_c         ,0,0,0,0,0,0,0,0,0,0
Kainite NMNH83904 s06an14a_a           ,0,0,0,0,0,0,0,0,0,0
Kainite NMNH83904 s06an14a_aa_         ,0,0,0,0,0,0,0,0,0,0
Kaolinite CM3 s06an14a_a               ,0,0,1,0,0,0,0,0,0,0
Kaolinite CM3 s06an14a_aa_             ,0,0,1,0,0,0,0,0,0,0
Kaolinite CM5 s06an14a_b               ,0,0,1,0,0,0,0,0,0,0
Kaolinite CM5 s06an14a_bb_             ,0,0,1,0,0,0,0,0,0,0
Kaolinite CM7 s06an14a_b               ,0,0,1,0,0,0,0,0,0,0
Kaolinite CM7 s06an14a_bb_             ,0,0,1,0,0,0,0,0,0,0
Kaolinite CM9 s06an14a_b               ,0,0,1,0,0,0,0,0,0,0
Kaolinite CM9 s06an14a_b               ,0,0,1,0,0,0,0,0,0,0
Kaolinite CM9 s06an14a_bbb             ,0,0,1,0,0,0,0,0,0,0
Kaolinite GDS11 <63um s06an14a_b       ,0,0,1,0,0,0,0,0,0,0
Kaolinite GDS11 <63um s06an14a_bb_     ,0,0,1,0,0,0,0,0,0,0
Kaolinite KGa-1 (wxl) s06an14a_b       ,0,0,1,0,0,0,0,0,0,0
Kaolinite KGa-1 (wxl) s06an14a_bb_     ,0,0,1,0,0,0,0,0,0,0
Kaolinite KGa-2 (pxl) s06an14a_b       ,0,0,1,0,0,0,0,0,0,0
Kaolinite KGa-2 (pxl) s06an14a_b       ,0,0,1,0,0,0,0,0,0,0
Kaolinite KGa-2 (pxl) s06an14a_bbb     ,0,0,1,0,0,0,0,0,0,0
Kaolinite KL502 (pxl) s06an14a_b       ,0,0,1,0,0,0,0,0,0,0
Kieserite KIEDE1.a coarse gr s06an14a_c,0,0,0,0,0,0,0,0,0,0
Kieserite KIEDE1.b fine gr s06an14a_c  ,0,0,0,0,0,0,0,0,0,0
Kieserite KIEDE1.a crse gr s06an14a_cc_,0,0,0,0,0,0,0,0,0,0
Knebelite HS419.3B s06an14a_b          ,0,0,0,0,0,0,0,0,0,0
Knebelite HS419.3B s06an14a_cbb        ,0,0,0,0,0,0,0,0,0,0
Labradorite HS17.3B s06an14a_b         ,0,0,0,0,0,0,0,0,0,0
Labradorite HS17.3B s06an14a_cbb       ,0,0,0,0,0,0,0,0,0,0
Laumontite GDS5 Zeolite s06an14a_b     ,0,0,0,0,0,0,0,0,0,0
Laumontite GDS5 Zeolite s06an14a_bb_   ,0,0,0,0,0,0,0,0,0,0
Lazurite HS418.3B s06an14a_b           ,0,0,0,0,0,0,0,0,0,0
Lazurite HS418.3B s06an14a_c?_         ,0,0,0,0,0,0,0,0,0,0
Lepidocrosite GDS80 (Syn) s06an14a_b   ,0,0,0,0,0,0,0,0,0,0
Lepidocrocite GDS80 (Syn) s06an14a_bb_ ,0,0,0,0,0,0,0,0,0,0
Lepidolite HS167.3B s06an14a_b         ,0,0,0,0,0,0,0,0,0,0
Lepidolite HS167.3B s06an14a_ccc       ,0,0,0,0,0,0,0,0,0,0
Lepidolite NMNH105538 s06an14a_b       ,0,0,0,0,0,0,0,0,0,0
Lepidolite NMNH105538 s06an14a_cc_     ,0,0,0,0,0,0,0,0,0,0
Lepidolite NMNH105541 s06an14a_b       ,0,0,0,0,0,0,0,0,0,0
Lepidolite NMNH105543 s06an14a_c       ,0,0,0,0,0,0,0,0,0,0
Lepidolite NMNH105543 s06an14a_cc_     ,0,0,0,0,0,0,0,0,0,0
Lepidolite NMNH88526-1 s06an14a_a      ,0,0,0,0,0,0,0,0,0,0
Lepidolite NMNH88526-1 s06an14a_aa_    ,0,0,0,0,0,0,0,0,0,0
Limonite HS41.3 s06an14a_b             ,0,0,0,0,0,0,0,0,0,0
Limonite HS41.3 s06an14a_bb_           ,0,0,0,0,0,0,0,0,0,0
Lizardite NMNHR4687.a 280 s06an14a_a   ,0,0,0,0,0,0,0,0,0,0
Lizardite NMNHR4687.b 165 s06an14a_a   ,0,0,0,0,0,0,0,0,0,0
Lizardite NMNHR4687.b 165 s06an14a_aa_ ,0,0,0,0,0,0,0,0,0,0
Lizardite NMNHR4687.c 70 s06an14a_a    ,0,0,0,0,0,0,0,0,0,0
Lizardite NMNHR4687.c 70 s06an14a_aa_  ,0,0,0,0,0,0,0,0,0,0
Lizardite NMNHR4687.d <30 s06an14a_b   ,0,0,0,0,0,0,0,0,0,0
Lizardite NMNHR4687.d <30 s06an14a_cb_ ,0,0,0,0,0,0,0,0,0,0
Maghemite GDS81 Syn (M-3) s06an14a_b   ,0,0,0,0,0,0,0,0,0,0
Maghemite GDS81 s06an14a_bb_           ,0,0,0,0,0,0,0,0,0,0
Magnetite HS195.3B s06an14a_b          ,0,0,0,0,0,0,0,0,0,0
Magnetite HS195.3B s06an14a_bb_        ,0,0,0,0,0,0,0,0,0,0
Magnetite HS78.3B s06an14a_b           ,0,0,0,0,0,0,0,0,0,0
Magnetite HS78.3B s06an14a_bb_         ,0,0,0,0,0,0,0,0,0,0
Malachite HS254.3B s06an14a_b          ,0,0,0,0,0,0,0,0,0,0
Malachite HS254.3B s06an14a_bb_        ,0,0,0,0,0,0,0,0,0,0
Margarite GDS106 s06an14a_c            ,0,0,0,0,0,0,0,0,0,0
Margarite GDS106 s06an14a_bb_          ,0,0,0,0,0,0,0,0,0,0
Marialite NMNH126018-2 s06an14a_b      ,0,0,0,0,0,0,0,0,0,0
Marialite NMNH126018-2 s06an14a_cb_    ,0,0,0,0,0,0,0,0,0,0
Mascagnite GDS65.a (coar) s06an14a_a   ,0,0,0,0,0,0,0,0,0,0
Mascagnite GDS65.a (coar) s06an14a_aa_ ,0,0,0,0,0,0,0,0,0,0
Mascagnite GDS65.b (fr) s06an14a_a     ,0,0,0,0,0,0,0,0,0,0
Mascagnite GDS65.b (fr) s06an14a_aa_   ,0,0,0,0,0,0,0,0,0,0
Meionite WS700.HLsp s06an14a_b         ,0,0,0,0,0,0,0,0,0,0
Meionite WS701 s06an14a_b              ,0,0,0,0,0,0,0,0,0,0
Meionite WS701 s06an14a_cc_            ,0,0,0,0,0,0,0,0,0,0
Microcline HS103.3B Feldspar s06an14a_c,0,0,0,0,0,0,0,0,0,0
Microcline HS103.3B Feldsp s06an14a_cc_,0,0,0,0,0,0,0,0,0,0
Microcline HS107.3B Feldspar s06an14a_d,0,0,0,0,0,0,0,0,0,0
Microcline HS107.3B Feldsp s06an14a_dc_,0,0,0,0,0,0,0,0,0,0
Microcline HS108.3B Feldspar s06an14a_c,0,0,0,0,0,0,0,0,0,0
Microcline HS108.3B Feldsp s06an14a_bb_,0,0,0,0,0,0,0,0,0,0
Microcline HS151.3B Feldspar s06an14a_c,0,0,0,0,0,0,0,0,0,0
Microcline HS151.3B Feldsp s06an14a_bb_,0,0,0,0,0,0,0,0,0,0
Microcline HS82.3B Feldspar s06an14a_b ,0,0,0,0,0,0,0,0,0,0
Microcline HS82.3B Feldspr s06an14a_bb?,0,0,0,0,0,0,0,0,0,0
Microcline NMNH135231 Fspar s06an14a_c ,0,0,0,0,0,0,0,0,0,0
Microcline NMNH135231 FSpr s06an14a_bbb,0,0,0,0,0,0,0,0,0,0
Mirabilite GDS150 Na2SO4 s06an14a_a    ,0,0,0,0,0,0,0,0,0,0
Mirabilite GDS150 Na2SO4 s06an14a_aa_  ,0,0,0,0,0,0,0,0,0,0
Mizzonite BM1931,0,0,0,0,0,0,0,0,0,0
Mizzonite BM1931,0,0,0,0,0,0,0,0,0,0
Mizzonite HS350.3B HLSp Scap s06an14a_c,0,0,0,0,0,0,0,0,0,0
Mizzonite HS350.3B HLSp s06an14a_cc_   ,0,0,0,0,0,0,0,0,0,0
Mizzonite HS351.3BS Scapolte s06an14a_c,0,0,0,0,0,0,0,0,0,0
Mizzonite HS351.3B Scap s06an14a_cd_   ,0,0,0,0,0,0,0,0,0,0
Mizzonite NMNH113775-1 Scap s06an14a_b ,0,0,0,0,0,0,0,0,0,0
Monazite HS255.3B s06an14a_c           ,0,0,0,0,0,0,0,0,0,0
Monazite HS255.3B s06an14a_bbb         ,0,0,0,0,0,0,0,0,0,0
Monticellite HS339.3B s06an14a_b       ,0,0,0,0,0,0,0,0,0,0
Monticellite HS339.3B s06an14a_cbb     ,0,0,0,0,0,0,0,0,0,0
Montmorillonite CM20 s06an14a_b        ,0,0,0,0,0,0,1,0,0,0
Montmorillonite CM20 s06an14a_bc_      ,0,0,0,0,0,0,1,0,0,0
Montmorillonite CM26 s06an14a_b        ,0,0,0,0,0,0,1,0,0,0
Montmorillonite CM26 s06an14a_bc_      ,0,0,0,0,0,0,1,0,0,0
Montmorillonite CM27 s06an14a_b        ,0,0,0,0,0,0,1,0,0,0
Montmorillonite CM27 s06an14a_bb_      ,0,0,0,0,0,0,1,0,0,0
Montmorillonite SAz-1 s06an14a_b       ,0,0,0,0,0,0,1,0,0,0
Montmorillonite SAz-1 s06an14a_bb_     ,0,0,0,0,0,0,1,0,0,0
Montmorillonite SCa-2.a s06an14a_b     ,0,0,0,0,0,0,1,0,0,0
Montmorillonite SCa-2.b s06an14a_b     ,0,0,0,0,0,0,1,0,0,0
Montmorillonite SCa-2.b s06an14a_bb_   ,0,0,0,0,0,0,1,0,0,0
Montmorillonite STx-1 s06an14a_b       ,0,0,0,0,0,0,1,0,0,0
Montmorillonite STx-1 s06an14a_bb_     ,0,0,0,0,0,0,1,0,0,0
Montmorillonite SWy-1 s06an14a_b       ,0,0,0,0,0,0,1,0,0,0
Montmorillonite SWy-1 s06an14a_bcc     ,0,0,0,0,0,0,1,0,0,0
Mordenite GDS18 s06an14a_b             ,0,0,0,0,0,0,0,0,0,0
Mordenite GDS18 s06an14a_bb_           ,0,0,0,0,0,0,0,0,0,0
Mordenite+Clinopt. GDS151 s06an14a_b   ,0,0,0,0,0,0,0,0,0,0
Mordenite+Clinopt. GDS151 s06an14a_cc_ ,0,0,0,0,0,0,0,0,0,0
Muscovite CU93-1 low-Al Phyl s06an14a_b,0,0,0,0,0,0,0,0,0,0
Muscovite GDS107 s06an14a_a            ,0,0,0,0,0,0,0,0,0,0
Muscovite GDS107 s06an14a_aa_          ,0,0,0,0,0,0,0,0,0,0
Muscovite GDS108 s06an14a_b            ,0,0,0,0,0,0,0,0,0,0
Muscovite GDS108 s06an14a_bb_          ,0,0,0,0,0,0,0,0,0,0
Muscovite GDS111 Guatemal s06an14a_a   ,0,0,0,0,0,0,0,0,0,0
Muscovite GDS111 Guatemal s06an14a_aa_ ,0,0,0,0,0,0,0,0,0,0
Muscovite GDS113 Ruby s06an14a_b       ,0,0,0,0,0,0,0,0,0,0
Muscovite GDS113 Ruby s06an14a_bbb     ,0,0,0,0,0,0,0,0,0,0
Muscovite GDS114 Marshall s06an14a_a   ,0,0,0,0,0,0,0,0,0,0
Muscovite GDS114 Marshall s06an14a_aaa ,0,0,0,0,0,0,0,0,0,0
Muscovite GDS116 Tanzania s06an14a_a   ,0,0,0,0,0,0,0,0,0,0
Muscovite GDS116 Tanzania s06an14a_aaa ,0,0,0,0,0,0,0,0,0,0
Muscovite GDS117 Isinglas s06an14a_a   ,0,0,0,0,0,0,0,0,0,0
Muscovite GDS117 Isingles s06an14a_aaa ,0,0,0,0,0,0,0,0,0,0
Muscovite GDS118 Capitan s06an14a_a    ,0,0,0,0,0,0,0,0,0,0
Muscovite GDS118 Capitan s06an14a_aaa  ,0,0,0,0,0,0,0,0,0,0
Muscovite GDS119 Mt Alamo s06an14a_a   ,0,0,0,0,0,0,0,0,0,0
Muscovite GDS119 Mt Alamo s06an14a_a?_ ,0,0,0,0,0,0,0,0,0,0
Muscovite GDS120 Pegma M. s06an14a_a   ,0,0,0,0,0,0,0,0,0,0
Muscovite GDS120 Pegma M. s06an14a_aa_ ,0,0,0,0,0,0,0,0,0,0
Muscovite HS146.3B s06an14a_a          ,0,0,0,0,0,0,0,0,0,0
Muscovite HS146.3B s06an14a_aaa        ,0,0,0,0,0,0,0,0,0,0
Muscovite HS24.3 s06an14a_b            ,0,0,0,0,0,0,0,0,0,0
Muscovite HS24.3 s06an14a_bb_          ,0,0,0,0,0,0,0,0,0,0
Muscovite IL107 s06an14a_a             ,0,0,0,0,0,0,0,0,0,0
Nacrite GDS88 s06an14a_c               ,0,0,0,0,0,0,0,0,0,0
Nanohematite BR93-34B2 s06an14a_b      ,0,0,0,0,0,0,0,0,0,0
Natrolite HS169.3B Zeolite s06an14a_b  ,0,0,0,0,0,0,0,0,0,0
Natrolite HS169.3B Zeolite s06an14a_bbb,0,0,0,0,0,0,0,0,0,0
Natrolite NMNH83380 Zeolite s06an14a_b ,0,0,0,0,0,0,0,0,0,0
Natrolite NMNH83380 Zeolit s06an14a_bb_,0,0,0,0,0,0,0,0,0,0
Neodymium_Oxide GDS34 s06an14a_a       ,0,0,0,0,0,0,0,0,0,0
Neodymium_Oxide GDS34 s06an14a_aa_     ,0,0,0,0,0,0,0,0,0,0
Nepheline HS19.3 s06an14a_c            ,0,0,0,0,0,0,0,0,0,0
Nepheline HS19.3 s06an14a_bc_          ,0,0,0,0,0,0,0,0,0,0
Nephrite HS296.3B s06an14a_c           ,0,0,0,0,0,0,0,0,0,0
Nephrite HS296.3B s06an14a_cb_         ,0,0,0,0,0,0,0,0,0,0
Nickeline HS264.3B s06an14a_c          ,0,0,0,0,0,0,0,0,0,0
Nickeline HS264.3B s06an14a_cd_        ,0,0,0,0,0,0,0,0,0,0
Niter GDS43 (K-Saltpeter) s06an14a_a   ,0,0,0,0,0,0,0,0,0,0
Niter GDS43 (K-Saltpeter) s06an14a_aa_ ,0,0,0,0,0,0,0,0,0,0
Nontronite NG-1.a s06an14a_b           ,0,0,0,0,0,0,0,0,0,0
Nontronite NG-1.a s06an14a_cd_         ,0,0,0,0,0,0,0,0,0,0
Nontronite NG-1.b <2um fr s06an14a_b   ,0,0,0,0,0,0,0,0,0,0
Nontronite NG-1.b <2um fr s06an14a_bb_ ,0,0,0,0,0,0,0,0,0,0
Nontronite SWa-1.a s06an14a_b          ,0,0,0,0,0,0,0,0,0,0
Nontronite SWa-1.a s06an14a_bbb        ,0,0,0,0,0,0,0,0,0,0
Nontronite SWa-1.b <2um s06an14a_a     ,0,0,0,0,0,0,0,0,0,0
Nontronite SWa-1.b <2um s06an14a_aa_   ,0,0,0,0,0,0,0,0,0,0
Oligoclase HS110.3B s06an14a_c         ,0,0,0,0,0,0,0,0,0,0
Oligoclase HS110.3B s06an14a_bb_       ,0,0,0,0,0,0,0,0,0,0
Olivine GDS70.a Fo89 165um s06an14a_b  ,0,0,0,0,0,0,0,0,0,0
Olivine GDS70.a Fo89 165um s06an14a_bbb,0,0,0,0,0,0,0,0,0,0
Olivine GDS70.b Fo89 115um s06an14a_b  ,0,0,0,0,0,0,0,0,0,0
Olivine GDS70.b Fo89 115um s06an14a_bbb,0,0,0,0,0,0,0,0,0,0
Olivine GDS70.c Fo89 70um s06an14a_b   ,0,0,0,0,0,0,0,0,0,0
Olivine GDS70.c Fo89 70um s06an14a_bbb ,0,0,0,0,0,0,0,0,0,0
Olivine GDS70.d Fo89 <60um s06an14a_b  ,0,0,0,0,0,0,0,0,0,0
Olivine GDS70.d Fo89 <60um s06an14a_bbb,0,0,0,0,0,0,0,0,0,0
Olivine GDS71.a Fo91 65um s06an14a_b   ,0,0,0,0,0,0,0,0,0,0
Olivine GDS71.a Fo91 65um s06an14a_cb_ ,0,0,0,0,0,0,0,0,0,0
Olivine GDS71.b Fo91 65um s06an14a_cb_ ,0,0,0,0,0,0,0,0,0,0
Olivine GDS71.b Fo91 <60um s06an14a_b  ,0,0,0,0,0,0,0,0,0,0
Olivine GDS71.b Fo91 <60um s06an14a_cb_,0,0,0,0,0,0,0,0,0,0
Olivine HS285.4B Fo80 s06an14a_b       ,0,0,0,0,0,0,0,0,0,0
Olivine HS285.4B Fo80 s06an14a_bb_     ,0,0,0,0,0,0,0,0,0,0
Olivine HS420.3B Fo s06an14a_c         ,0,0,0,0,0,0,0,0,0,0
Olivine HS420.3B Fo s06an14a_cbb       ,0,0,0,0,0,0,0,0,0,0
Olivine KI3005 Fo11 <60um s06an14a_b   ,0,0,0,0,0,0,0,0,0,0
Olivine KI3005 Fo11 <60um s06an14a_bb_ ,0,0,0,0,0,0,0,0,0,0
Olivine KI3054 Fo66 <60um s06an14a_b   ,0,0,0,0,0,0,0,0,0,0
Olivine KI3054 Fo66 <60um s06an14a_cbb ,0,0,0,0,0,0,0,0,0,0
Olivine KI3188 Fo51 <60um s06an14a_b   ,0,0,0,0,0,0,0,0,0,0
Olivine KI3188 Fo51 <60um s06an14a_bbb ,0,0,0,0,0,0,0,0,0,0
Olivine KI3189 Fo60 <60um s06an14a_b   ,0,0,0,0,0,0,0,0,0,0
Olivine KI3189 Fo60 <60um s06an14a_bb_ ,0,0,0,0,0,0,0,0,0,0
Olivine KI3291 Fo29 <60um s06an14a_b   ,0,0,0,0,0,0,0,0,0,0
Olivine KI3291 Fo29 <60um s06an14a_bb_ ,0,0,0,0,0,0,0,0,0,0
Olivine KI3377 Fo18 <60um s06an14a_b   ,0,0,0,0,0,0,0,0,0,0
Olivine KI3377 Fo18 <60um s06an14a_bbb ,0,0,0,0,0,0,0,0,0,0
Olivine KI4143 Fo41 <60um s06an14a_b   ,0,0,0,0,0,0,0,0,0,0
Olivine KI4143 Fo41 <60um s06an14a_bbb ,0,0,0,0,0,0,0,0,0,0
Olivine NMNH137044.a 160u s06an14a_a   ,0,0,0,0,0,0,0,0,0,0
Olivine NMNH137044.b <74u s06an14a_a   ,0,0,0,0,0,0,0,0,0,0
Opal TM8896 (Hyalite) s06an14a_a       ,0,0,0,0,0,0,0,0,0,0
Opal TM8896 (Hyalite) s06an14a_aa_     ,0,0,0,0,0,0,0,0,0,0
Opal WS732 s06an14a_a                  ,0,0,0,0,0,0,0,0,0,0
Orthoclase HS13.3B s06an14a_c          ,0,0,0,0,0,0,0,0,0,0
Orthoclase HS13.3B s06an14a_bb_        ,0,0,0,0,0,0,0,0,0,0
Orthoclase NMNH113188 s06an14a_b       ,0,0,0,0,0,0,0,0,0,0
Orthoclase NMNH142137 Fe s06an14a_b    ,0,0,0,0,0,0,0,0,0,0
Orthoclase NMNH142137 Fe s06an14a_bb_  ,0,0,0,0,0,0,0,0,0,0
Palygorskite CM46a Attapulg s06an14a_b ,0,0,0,0,0,0,0,0,0,0
Palygorskite PFL-1 Attapulg s06an14a_b ,0,0,0,0,0,0,0,0,0,0
Paragonite GDS109 s06an14a_a           ,0,0,0,0,0,0,0,0,0,0
Pectolite NMNH94865.a s06an14a_b       ,0,0,0,0,0,0,0,0,0,0
Pectolite NMNH94865.a s06an14a_bb_     ,0,0,0,0,0,0,0,0,0,0
Pectolite NMNH94865.b s06an14a_b       ,0,0,0,0,0,0,0,0,0,0
Pectolite NMNH94865.b s06an14a_bbb     ,0,0,0,0,0,0,0,0,0,0
Perthite HS415.3B s06an14a_c           ,0,0,0,0,0,0,0,0,0,0
Perthite HS415.3B s06an14a_bb_         ,0,0,0,0,0,0,0,0,0,0
Phlogopite GDS20 fine fr s06an14a_b    ,0,0,0,0,0,0,0,0,0,0
Phlogopite GDS20 fine fr s06an14a_bbb  ,0,0,0,0,0,0,0,0,0,0
Phlogopite HS23.3B s06an14a_b          ,0,0,0,0,0,0,0,0,0,0
Phlogopite HS23.3B s06an14a_bbb        ,0,0,0,0,0,0,0,0,0,0
Phlogopite WS496 s06an14a_b            ,0,0,0,0,0,0,0,0,0,0
Phlogopite WS496 s06an14a_cc_          ,0,0,0,0,0,0,0,0,0,0
Phlogopite WS675 s06an14a_b            ,0,0,0,0,0,0,0,0,0,0
Phlogopite WS675 s06an14a_cb_          ,0,0,0,0,0,0,0,0,0,0
Pigeonite HS199.3B s06an14a_b          ,0,0,0,0,0,0,0,0,0,0
Pigeonite HS199.3B s06an14a_cc_        ,0,0,0,0,0,0,0,0,0,0
Pinnoite NMNH123943 s06an14a_a         ,0,0,0,0,0,0,0,0,0,0
Pinnoite NMNH123943 s06an14a_aaa       ,0,0,0,0,0,0,0,0,0,0
Pitch_Limonite GDS104 Cu s06an14a_?    ,0,0,0,0,0,0,0,0,0,0
Polyhalite NMNH92669-4 s06an14a_a      ,0,0,0,0,0,0,0,0,0,0
Polyhalite NMNH92669-4 s06an14a_aa_    ,0,0,0,0,0,0,0,0,0,0
Portlandite GDS525 Ca(OH)2 s06an14a_a  ,0,0,0,0,0,0,0,0,0,0
Praseodymium_Oxide GDS35 s06an14a_b    ,0,0,0,0,0,0,0,0,0,0
Praseodymium_Oxide GDS35 s06an14a_bb_  ,0,0,0,0,0,0,0,0,0,0
Prehnite GDS613.a <60um s06an14a_aa_   ,0,0,0,0,0,0,0,0,0,0
Prehnite GDS613.a <60um s06an14a_a     ,0,0,0,0,0,0,0,0,0,0
Prehnite GDS613.b >60um s06an14a_aa_   ,0,0,0,0,0,0,0,0,0,0
Prehnite GDS613.b >60um s06an14a_a     ,0,0,0,0,0,0,0,0,0,0
Prochlorite SMR-14.a 115um s06an14a_a  ,0,0,0,0,0,0,0,0,0,0
Prochlorite SMR-14.a 115um s06an14a_a  ,0,0,0,0,0,0,0,0,0,0
Prochlorite SMR-14.a 115um s06an14a_aa_,0,0,0,0,0,0,0,0,0,0
Prochlorite SMR-14.b 32um s06an14a_a   ,0,0,0,0,0,0,0,0,0,0
Prochlorite SMR-14.b 32um s06an14a_a   ,0,0,0,0,0,0,0,0,0,0
Prochlorite SMR-14.b 32um s06an14a_aa_ ,0,0,0,0,0,0,0,0,0,0
Prochlorite SMR-14.c <30um s06an14a_a  ,0,0,0,0,0,0,0,0,0,0
Prochlorite SMR-14.c <30um s06an14a_aa_,0,0,0,0,0,0,0,0,0,0
Psilomelane HS139.3B s06an14a_b        ,0,0,0,0,0,0,0,0,0,0
Psilomelane HS139.3B s06an14a_bb_      ,0,0,0,0,0,0,0,0,0,0
Pyrite HS35.3 s06an14a_b               ,0,0,0,0,0,0,0,0,0,0
Pyrite HS35.3 s06an14a_cc_             ,0,0,0,0,0,0,0,0,0,0
Pyrite S142-1 s06an14a_c               ,0,0,0,0,0,0,0,0,0,0
Pyrite S26-8 s06an14a_c                ,0,0,0,0,0,0,0,0,0,0
Pyrite S29-4 s06an14a_c                ,0,0,0,0,0,0,0,0,0,0
Pyrite S30 s06an14a_c                  ,0,0,0,0,0,0,0,0,0,0
Pyrite GDS483.c 30-60um s06an14a_cdb   ,0,0,0,0,0,0,0,0,0,0
Pyrite GDS483.c 30-60um s06an14a_c     ,0,0,0,0,0,0,0,0,0,0
Pyrolusite HS138.3B s06an14a_b         ,0,0,0,0,0,0,0,0,0,0
Pyrolusite HS138.3B s06an14a_bc_       ,0,0,0,0,0,0,0,0,0,0
Pyrophyllite PYS1A <850um s06an14a_a   ,0,0,0,0,0,0,0,0,0,0
Pyrophyllite PYS1A <850um s06an14a_a   ,0,0,0,0,0,0,0,0,0,0
Pyrophyllite PSY1A <850um s06an14a_aaa ,0,0,0,0,0,0,0,0,0,0
Pyrophyllite PYS1A fine gr s06an14a_a  ,0,0,0,0,0,0,0,0,0,0
Pyrophyllite PSY1A fine gr s06an14a_aaa,0,0,0,0,0,0,0,0,0,0
Pyrophyllite SU1421 s06an14a_b         ,0,0,0,0,0,0,0,0,0,0
Pyroxene HS119.3B s06an14a_c           ,0,0,0,0,0,0,0,0,0,0
Pyroxene HS119.3B s06an14a_ccc         ,0,0,0,0,0,0,0,0,0,0
Pyrrhotite HS269.3B s06an14a_b         ,0,0,0,0,0,0,0,0,0,0
Pyrrhotite HS269.3B s06an14a_bc_       ,0,0,0,0,0,0,0,0,0,0
Quartz GDS31 0-74um fr s06an14a_a      ,0,0,0,0,0,0,0,0,0,0
Quartz GDS74 Sand Ottawa s06an14a_c    ,0,0,0,0,0,0,0,0,0,0
Quartz GDS74 Sand Ottawa s06an14a_cb_  ,0,0,0,0,0,0,0,0,0,0
Quartz HS117.3B Aventurin s06an14a_b   ,0,0,0,0,0,0,0,0,0,0
Quartz HS32.4B s06an14a_a              ,0,0,0,0,0,0,0,0,0,0
Rectorite ISR202 (RAr-1) s06an14a_?    ,0,0,0,0,0,0,0,0,0,0
Rectorite RAr-1 s06an14a_d             ,0,0,0,0,0,0,0,0,0,0
Rectorite RAr-1 s06an14a_bb_           ,0,0,0,0,0,0,0,0,0,0
Rhodochrosite HS338.3B s06an14a_b      ,0,0,0,0,0,0,0,0,0,0
Rhodochrosite HS338.3B s06an14a_bb_    ,0,0,0,0,0,0,0,0,0,0
Rhodochrosite HS67 <250um s06an14a_b   ,0,0,0,0,0,0,0,0,0,0
Rhodochrosite HS67 <250um s06an14a_bb_ ,0,0,0,0,0,0,0,0,0,0
Rhodonite HS325.3B s06an14a_c          ,0,0,0,0,0,0,0,0,0,0
Rhodonite HS325.3B s06an14a_cb_        ,0,0,0,0,0,0,0,0,0,0
Rhodonite NMNHC6148 >250um s06an14a_b  ,0,0,0,0,0,0,0,0,0,0
Rhodonite NMNHC6148 >250um s06an14a_bb_,0,0,0,0,0,0,0,0,0,0
Richterite HS336.3B Amphibol s06an14a_c,0,0,0,0,0,0,0,0,0,0
Richterite HS336.3B Amphib s06an14a_ccc,0,0,0,0,0,0,0,0,0,0
Richterite NMNH150800 HCl s06an14a_b   ,0,0,0,0,0,0,0,0,0,0
Richterite NMNH150800 HCl s06an14a_bb_ ,0,0,0,0,0,0,0,0,0,0
Riebeckite HS326.3B Amphibol s06an14a_d,0,0,0,0,0,0,0,0,0,0
Reibeckite HS326.3B Amphib s06an14a_ddd,0,0,0,0,0,0,0,0,0,0
Riebeckite NMNH122689 Amph s06an14a_a  ,0,0,0,0,0,0,0,0,0,0
Rivadavite NMNH170164 Amph s06an14a_a  ,0,0,0,0,0,0,0,0,0,0
Rivadavite NMNH170164 Amph s06an14a_aaa,0,0,0,0,0,0,0,0,0,0
Roscoelite EN124 s06an14a_b            ,0,0,0,0,0,0,0,0,0,0
Rutile HS126.3B s06an14a_c             ,0,0,0,0,0,0,0,0,0,0
Rutile HS126.3B s06an14a_cbb           ,0,0,0,0,0,0,0,0,0,0
Rutile HS137.3B s06an14a_d             ,0,0,0,0,0,0,0,0,0,0
Rutile HS137.3B s06an14a_cb_           ,0,0,0,0,0,0,0,0,0,0
Samarium_Oxide GDS36 s06an14a_a        ,0,0,0,0,0,0,0,0,0,0
Samarium Oxide GDS36 s06an14a_aa_      ,0,0,0,0,0,0,0,0,0,0
Sanidine GDS19 Feldspar s06an14a_a     ,0,0,0,0,0,0,0,0,0,0
Sanidine GDS19 Feldspar s06an14a_aaa   ,0,0,0,0,0,0,0,0,0,0
Sanidine NMNH103200 Feldspar s06an14a_b,0,0,0,0,0,0,0,0,0,0
Sanidine NMNH103200 Feldsp s06an14a_bb_,0,0,0,0,0,0,0,0,0,0
Saponite SapCa-1 s06an14a_b            ,0,0,0,0,0,0,0,0,0,0
Saponite SapCa-1.AcB s06an14a_b        ,0,0,0,0,0,0,0,0,0,0
Saponite SapCa-1.AcB s06an14a_bbb      ,0,0,0,0,0,0,0,0,0,0
Sauconite GDS135 s06an14a_b            ,0,0,0,0,0,0,0,0,0,0
Sauconite GDS135 s06an14a_bb?          ,0,0,0,0,0,0,0,0,0,0
Schwertmannite BZ93-1 s06an14a_b       ,0,0,0,0,0,0,0,0,0,0
Scolecite GDS7 Zeolite s06an14a_b      ,0,0,0,0,0,0,0,0,0,0
Scolecite GDS7 Zeolite s06an14a_bb_    ,0,0,0,0,0,0,0,0,0,0
Sepiolite SepNev-1 s06an14a_b          ,0,0,0,0,0,0,0,0,0,0
Sepiolite SepNev-1 s06an14a_bb_        ,0,0,0,0,0,0,0,0,0,0
Sepiolite SepNev-1.AcB s06an14a_a      ,0,0,0,0,0,0,0,0,0,0
Sepiolite SepNev-1.AcB s06an14a_aa_    ,0,0,0,0,0,0,0,0,0,0
Sepiolite SepSp-1 s06an14a_b           ,0,0,0,0,0,0,0,0,0,0
Sepiolite SepSp-1 s06an14a_cb_         ,0,0,0,0,0,0,0,0,0,0
Sepiolite SepSp-1.AcB s06an14a_b       ,0,0,0,0,0,0,0,0,0,0
Sepiolite SepSp-1.AcB s06an14a_bc_     ,0,0,0,0,0,0,0,0,0,0
Serpentine HS318.4B s06an14a_c         ,0,0,0,0,0,0,0,0,0,0
Serpentine HS8.3B s06an14a_c           ,0,0,0,0,0,0,0,0,0,0
Serpentine HS8.3B s06an14a_cbc         ,0,0,0,0,0,0,0,0,0,0
Siderite HS271.3B s06an14a_a           ,0,0,0,0,0,0,0,0,0,0
Siderite HS271.3B s06an14a_aa_         ,0,0,0,0,0,0,0,0,0,0
Siderophyllite NMNH104998 s06an14a_b   ,0,0,0,0,0,0,0,0,0,0
Siderophyllite NMNH104998 s06an14a_??_ ,0,0,0,0,0,0,0,0,0,0
Sillimanite HS186.3B s06an14a_c        ,0,0,0,0,0,0,0,0,0,0
Sillimanite HS186.3B s06an14a_cc_      ,0,0,0,0,0,0,0,0,0,0
Smaragdite HS290.3B Amphibol s06an14a_b,0,0,0,0,0,0,0,0,0,0
Smaragdite HS290.3B s06an14a_bbb       ,0,0,0,0,0,0,0,0,0,0
Sodium_Bicarbonate GDS55 s06an14a_a    ,0,0,0,0,0,0,0,0,0,0
Sodium Bicarbonate GDS55 s06an14a_aa_  ,0,0,0,0,0,0,0,0,0,0
Spessartine HS112.3B Garnet s06an14a_b ,0,0,0,0,0,0,0,0,0,0
Spessartine HS112.3B s06an14a_cc_      ,0,0,0,0,0,0,0,0,0,0
Spessartine NMNH14143 Garnet s06an14a_b,0,0,0,0,0,0,0,0,0,0
Spessartine NMNH14143 Garn s06an14a_cbb,0,0,0,0,0,0,0,0,0,0
Spessartine WS480 Garnet s06an14a_b    ,0,0,0,0,0,0,0,0,0,0
Spessartine WS480 Garnet s06an14a_cc_  ,0,0,0,0,0,0,0,0,0,0
Spessartine WS481 Garnet s06an14a_?    ,0,0,0,0,0,0,0,0,0,0
Spessartine WS481 Garnet s06an14a_cb_  ,0,0,0,0,0,0,0,0,0,0
Sphalerite HS136.3B s06an14a_b         ,0,0,0,0,0,0,0,0,0,0
Sphalerite HS136.3B s06an14a_???       ,0,0,0,0,0,0,0,0,0,0
Sphalerite S102-7 s06an14a_c           ,0,0,0,0,0,0,0,0,0,0
Sphalerite S102-8 s06an14a_c           ,0,0,0,0,0,0,0,0,0,0
Sphalerite S26-34 s06an14a_b           ,0,0,0,0,0,0,0,0,0,0
Sphalerite S26-35 s06an14a_b           ,0,0,0,0,0,0,0,0,0,0
Sphene HS189.3B s06an14a_b             ,0,0,0,0,0,0,0,0,0,0
Sphene HS189.3B s06an14a_cc_           ,0,0,0,0,0,0,0,0,0,0
Spodumene HS210.3B s06an14a_c          ,0,0,0,0,0,0,0,0,0,0
Spodumene HS210.3B s06an14a_cc_        ,0,0,0,0,0,0,0,0,0,0
Staurolite HS188.3B s06an14a_b         ,0,0,0,0,0,0,0,0,0,0
Staurolite HS188.3B s06an14a_cd_       ,0,0,0,0,0,0,0,0,0,0
Stilbite GDS8 Zeolite s06an14a_b       ,0,0,0,0,0,0,0,0,0,0
Stilbite GDS8 Zeolite s06an14a_bb_     ,0,0,0,0,0,0,0,0,0,0
Stilbite HS482.3B Zeolite s06an14a_b   ,0,0,0,0,0,0,0,0,0,0
Stilbite HS482.3B Zeolite s06an14a_??? ,0,0,0,0,0,0,0,0,0,0
Strontianite HS272.3B s06an14a_b       ,0,0,0,0,0,0,0,0,0,0
Strontianite HS272.3B s06an14a_bb_     ,0,0,0,0,0,0,0,0,0,0
Sulfur GDS94 Reagent s06an14a_a        ,0,0,0,0,0,0,0,0,0,0
Sulfur GDS94 Reagent s06an14a_aa_      ,0,0,0,0,0,0,0,0,0,0
Syngenite GDS139 s06an14a_a            ,0,0,0,0,0,0,0,0,0,0
Syngenite GDS139 s06an14a_aa_          ,0,0,0,0,0,0,0,0,0,0
Talc GDS23 74-250um fr s06an14a_a      ,0,0,0,0,0,0,0,0,0,0
Talc GDS23 74-250um s06an14a_aaa       ,0,0,0,0,0,0,0,0,0,0
Talc HS21.3B s06an14a_b                ,0,0,0,0,0,0,0,0,0,0
Talc HS21.3B s06an14a_bbb              ,0,0,0,0,0,0,0,0,0,0
Talc TL2702 s06an14a_a                 ,0,0,0,0,0,0,0,0,0,0
Talc WS659 s06an14a_b                  ,0,0,0,0,0,0,0,0,0,0
Talc WS659 s06an14a_bbb                ,0,0,0,0,0,0,0,0,0,0
Thenardite GDS146 s06an14a_c           ,0,0,0,0,0,0,0,0,0,0
Thenardite GDS146 s06an14a_cc?         ,0,0,0,0,0,0,0,0,0,0
Thenardite HS450.3B s06an14a_a         ,0,0,0,0,0,0,0,0,0,0
Thuringite SMR-15.a 115um s06an14a_b   ,0,0,0,0,0,0,0,0,0,0
Thuringite SMR-15.a 115um s06an14a_bc_ ,0,0,0,0,0,0,0,0,0,0
Thuringite SMR-15.b 80um s06an14a_a    ,0,0,0,0,0,0,0,0,0,0
Thuringite SMR-15.b 80um s06an14a_a    ,0,0,0,0,0,0,0,0,0,0
Thuringite SMR-15.b 80um s06an14a_aa_  ,0,0,0,0,0,0,0,0,0,0
Thuringite SMR-15.c 32um s06an14a_a    ,0,0,0,0,0,0,0,0,0,0
Thuringite SMR-15.c 32um s06an14a_aa_  ,0,0,0,0,0,0,0,0,0,0
Thuringite SMR-15.d <30um s06an14a_a   ,0,0,0,0,0,0,0,0,0,0
Thuringite SMR-15.d <30um s06an14a_aa_ ,0,0,0,0,0,0,0,0,0,0
Tincalconite GDS142 s06an14a_a         ,0,0,0,0,0,0,0,0,0,0
Tincalconite GDS142 s06an14a_aa_       ,0,0,0,0,0,0,0,0,0,0
Topaz Cameron_Cone_#42 s06an14a_b      ,0,0,0,0,0,0,0,0,0,0
Topaz Cameron_Cone_#42 s06an14a_bb_    ,0,0,0,0,0,0,0,0,0,0
Topaz Crystal_Park_#2 s06an14a_b       ,0,0,0,0,0,0,0,0,0,0
Topaz Crystal_Park_#2 s06an14a_bb_     ,0,0,0,0,0,0,0,0,0,0
Topaz Glen_Cove_#6 s06an14a_b          ,0,0,0,0,0,0,0,0,0,0
Topaz Glen_Cove_#6 s06an14a_bb_        ,0,0,0,0,0,0,0,0,0,0
Topaz Glen_Cove_#8 s06an14a_b          ,0,0,0,0,0,0,0,0,0,0
Topaz Glen_Cove_#8 s06an14a_bb_        ,0,0,0,0,0,0,0,0,0,0
Topaz HS184.3B s06an14a_c              ,0,0,0,0,0,0,0,0,0,0
Topaz HS184.3B s06an14a_cc_            ,0,0,0,0,0,0,0,0,0,0
Topaz Harris_Park_#17 s06an14a_b       ,0,0,0,0,0,0,0,0,0,0
Topaz Harris_Park_#17 s06an14a_bb_     ,0,0,0,0,0,0,0,0,0,0
Topaz Harris_Park_#3 s06an14a_b        ,0,0,0,0,0,0,0,0,0,0
Topaz Harris_Park_#9 s06an14a_b        ,0,0,0,0,0,0,0,0,0,0
Topaz Harris_Park_#9 s06an14a_bb_      ,0,0,0,0,0,0,0,0,0,0
Topaz Jos_#22 s06an14a_b               ,0,0,0,0,0,0,0,0,0,0
Topaz Jos_#22 s06an14a_bb_             ,0,0,0,0,0,0,0,0,0,0
Topaz Little_3_Mine_#41 s06an14a_b     ,0,0,0,0,0,0,0,0,0,0
Topaz Little_3_Mine_#41 s06an14a_bb_   ,0,0,0,0,0,0,0,0,0,0
Topaz Mt._Antero_#5 s06an14a_b         ,0,0,0,0,0,0,0,0,0,0
Topaz Tarryalls_#4 s06an14a_b          ,0,0,0,0,0,0,0,0,0,0
Topaz Tarryalls_#4 s06an14a_bb_        ,0,0,0,0,0,0,0,0,0,0
Topaz Wigwam_Area_2_#12 s06an14a_b     ,0,0,0,0,0,0,0,0,0,0
Topaz Wigwam_Area_2_#12 s06an14a_bb_   ,0,0,0,0,0,0,0,0,0,0
Topaz Wigwam_Area_3_#13 s06an14a_b     ,0,0,0,0,0,0,0,0,0,0
Topaz Wigwam_Area_3_#13 s06an14a_bb_   ,0,0,0,0,0,0,0,0,0,0
Topaz Wigwam_Area_4_#14 s06an14a_b     ,0,0,0,0,0,0,0,0,0,0
Topaz Wigwam_Area_4_#14 s06an14a_bb_   ,0,0,0,0,0,0,0,0,0,0
Topaz Wigwam_Area_5_#15 s06an14a_b     ,0,0,0,0,0,0,0,0,0,0
Topaz Wigwam_Area_5_#15 s06an14a_bb_   ,0,0,0,0,0,0,0,0,0,0
Topaz Wigwam_Area_6_#16 s06an14a_b     ,0,0,0,0,0,0,0,0,0,0
Topaz Wigwam_Area #16 s06an14a_bb_     ,0,0,0,0,0,0,0,0,0,0
Topaz Wigwam_Area_A_#10 s06an14a_b     ,0,0,0,0,0,0,0,0,0,0
Topaz Wigwam_Area #10 s06an14a_bb_     ,0,0,0,0,0,0,0,0,0,0
Tourmaline HS282.2B s06an14a_c         ,0,0,0,0,0,0,0,0,0,0
Tourmaline HS282.2B s06an14a_ccc       ,0,0,0,0,0,0,0,0,0,0
Tremolite HS18.3 s06an14a_c            ,0,0,0,0,0,0,0,0,0,0
Tremolite HS18.3B s06an14a_ccc         ,0,0,0,0,0,0,0,0,0,0
Tremolite NMNH117611.HCl s06an14a_c    ,0,0,0,0,0,0,0,0,0,0
Tremolite NMNH117611.HCL s06an14a_bb_  ,0,0,0,0,0,0,0,0,0,0
Trona GDS148 s06an14a_a                ,0,0,0,0,0,0,0,0,0,0
Trona GDS148 s06an14a_aa_              ,0,0,0,0,0,0,0,0,0,0
Ulexite GDS138 Boron,0,0,0,0,0,0,0,0,0,0
Ulexite GDS138 s06an14a_aa_            ,0,0,0,0,0,0,0,0,0,0
Ulexite HS441.3B s06an14a_a            ,0,0,0,0,0,0,0,0,0,0
Ulexite HS441.3B s06an14a_aa_          ,0,0,0,0,0,0,0,0,0,0
Uralite HS345.3B s06an14a_b            ,0,0,0,0,0,0,0,0,0,0
Uralite HS345.3B s06an14a_cc_          ,0,0,0,0,0,0,0,0,0,0
Uvarovite NMNH106661 Garnet s06an14a_b ,0,0,0,0,0,0,0,0,0,0
Uvarovite NMNH106661 s06an14a_cb_      ,0,0,0,0,0,0,0,0,0,0
Vermiculite GDS13 Llano s06an14a_a     ,0,0,0,0,0,0,0,0,0,0
Vermiculite VTx-1.a <250 s06an14a_c    ,0,0,0,0,0,0,0,0,0,0
Vermiculite VTx-1.fls s06an14a_c       ,0,0,0,0,0,1,0,0,0,0
Vermiculite WS681 s06an14a_c           ,0,0,0,0,0,1,0,0,0,0
Vermiculite WS681 s06an14a_cc_         ,0,0,0,0,0,1,0,0,0,0
Vesuvianite HS446.3B Idocras s06an14a_a,0,0,0,0,0,0,0,0,0,0
Vesuvianite HS446.3B s06an14a_aaa      ,0,0,0,0,0,0,0,0,0,0
Witherite HS273.3B s06an14a_a          ,0,0,0,0,0,0,0,0,0,0
Witherite HS273.3B s06an14a_aa_        ,0,0,0,0,0,0,0,0,0,0
Wollastonite HS348.3B s06an14a_b       ,0,0,0,0,0,0,0,0,0,0
Wollastonite HS348.3B s06an14a_ccc     ,0,0,0,0,0,0,0,0,0,0
Zircon WS522 s06an14a_a                ,0,0,0,0,0,0,0,0,0,0
Zoisite HS347.3B s06an14a_b            ,0,0,0,0,0,0,0,0,0,0
Zoisite HS347.3B s06an14a_bcc          ,0,0,0,0,0,0,0,0,0,0
Zunyite GDS-241B <150um s06an14a_?     ,0,0,0,0,0,0,0,0,0,0
Acid_Mine_Dr Assemb1-Fe3+ s06an14a_b   ,0,0,0,0,0,0,0,0,0,0
Acid_Mine_Dr Assemb2-Fe3+ s06an14a_b   ,0,0,0,0,0,0,0,0,0,0
Actinolite-Hornfels BR93-5a s06an14a_c ,0,0,0,0,0,0,0,0,0,0
Actinolite-Tremolit BR93-22C s06an14a_b,0,0,0,0,0,0,0,0,0,0
Actinolite_Dolomit BR93-60B s06an14a_b ,0,0,0,0,0,0,0,0,0,0
Alun.33+Kaol.33+Musc.33 AMX2 s06an14a_a,0,0,0.333,0,0,0,0,0,0,0
Alun0.3+Musc0.4+Pyro0.3 AMX1 s06an14a_a,0,0,0,0,0,0,0,0,0,0
Alun366+.50PyroPYS1A GDS222 s06an14a_b ,0,0,0,0,0,0,0,0,0,0
Alun_Na+Kaol+Hemat MV00-11a s06an14a_c ,0,1,1,0,0,0,0,0,0,0
Alunite+Pyrophyl SD1093A s06an14a_b    ,0,0,0,0,0,0,0,0,0,0
Alunite-K CU91-217G1 HiTemp s06an14a_b ,0,0,0,0,0,0,0,0,0,0
Alunite+Dickite MV99-6-26b s06an14a_c  ,0,0,0,0,0,0,0,0,0,0
Alunite.5+MuscCU91-250A AMX4 s06an14a_a,0,0,0,0,0,0,0,0,0,0
Alunite0.35K+.65Na CU91-217H s06an14a_b,0,0,0,0,0,0,0,0,0,0
Alunite0.35K+.65Na CU91-217H s06an14a_b,0,0,0,0,0,0,0,0,0,0
Alunite0.5+Kaol_KGa-1 AMX3 s06an14a_b  ,0,0,0.5,0,0,0,0,0,0,0
Alunite0.66K+.34Na CU91-217A s06an14a_b,0,0,0,0,0,0,0,0,0,0
Alunite0.73K+.27Na CU91-217D s06an14a_a,0,0,0,0,0,0,0,0,0,0
Alunite_K CU98-5C MedTemp s06an14a_b   ,0,0,0,0,0,0,0,0,0,0
Alunite_K-Na CU91-217H1 LowT s06an14a_b,0,0,0,0,0,0,0,0,0,0
Alunite_NH4+Jaro NMNH145596A s06an14a_b,0,0,0,0,0,0,0,0,0,0
Alunite_NH4+Ja NMNH145596A s06an14a_bb_,0,0,0,0,0,0,0,0,0,0
Alunite_NH4+Jaro NMNH145596A s06an14a_b,0,0,0,0,0,0,0,0,0,0
Basalt_fresh BR93-46B s06an14a_b       ,0,0,0,0,0,0,0,0,0,0
Basalt_weathered BR93-43 s06an14a_b    ,0,0,0,0,0,0,0,0,0,0
Beidellite+Montmor GDS123 s06an14a_b   ,0,0,0,0,0,0,0,0,0,0
Beidellite+Montmor GDS123 s06an14a_bbb ,0,0,0,0,0,0,0,0,0,0
Beidellite+Montmor GDS124 s06an14a_b   ,0,0,0,0,0,0,0,0,0,0
Beidellite+Montmor GDS124 s06an14a_bbb ,0,0,0,0,0,0,0,0,0,0
Biotite-Chlorite_Mx BR93-36A s06an14a_b,0,0,0,0,0,0,0,0,0,1
Blue_Efflorscnt_Min SU93-300 s06an14a_b,0,0,0,0,0,0,0,0,0,0
Buddingtnt+Na-Mont CU93-260B s06an14a_b,0,0,0,0,0,0,0,0,0,0
Calc.25+Dolo.25+Ca-Mon AMX7 s06an14a_b ,0,0,0,0.25,0,0,0.5,0,0.25,0
Calc.25+dolo.25+mont.5 AMX18 s06an14a_b,0,0,0,0.25,0,0,0.5,0,0.25,0
Calcite+.33Muscov AMX5 Ruby s06an14a_a ,0,0,0,0,0,0,0,0,0.6667,0
Calcite+.50Ca-Mont AMX6 s06an14a_b     ,0,0,0,0,0,0,0.5,0,0.5,0
Calcite+Dolomite.5 AMX8 s06an14a_b     ,0,0,0,0.5,0,0,0,0,0.5,0
Calcite+Talc PC99-1G s06an14a_c        ,0,0,0,0,0,0,0,0,0,0
Calcite.33+Ca-mont.67 AMX19 s06an14a_b ,0,0,0,0,0,0,0.6667,0,0.3333,0
Calcite.33+Epidote.67 GDS311 s06an14a_a,0,0,0,0,0,0,0,0,0.3333,0
Calcite.67+Epidote.33 GDS310 s06an14a_a,0,0,0,0,0,0,0,0,0.6667,0
Calcite.7+Kaolwxl.3 AMX9 s06an14a_a    ,0,0,0.3,0,0,0,0,0,0.7,0
Calcite.8+Ca-Montmor.2 AMX15 s06an14a_b,0,0,0,0,0,0,0.2,0,0.7,0
Calcite.80+Mont_Swy-1 GDS212 s06an14a_a,0,0,0,0,0,0,0.2,0,0.8,0
Calcite.80wt+Kaol_CM9 GDS213 s06an14a_a,0,0,0.2,0,0,0,0,0,0.8,0
Chabazite+Thom+Wair HS193.3B s06an14a_b,0,0,0,0,0,0,0,0,0,0
Chabazt+Thom+Wair HS193.3B s06an14a_bb_,0,0,0,0,0,0,0,0,0,0
Chl.33+Epid.33+Cal.33 GDS319 s06an14a_a,0,0,0,0,0,0,0,0,0.3333,0.3333
Chlor+Goethite CU93-4B Phyl s06an14a_a ,1,0,0,0,0,0,0,0,0,1
Chlor.2+Epid.2+Calc.6 GDS314 s06an14a_a,0,0,0,0,0,0,0,0,0.6,0.2
Chlor.2+Epid.6+Calc.2 GDS312 s06an14a_a,0,0,0,0,0,0,0,0,0.2,0.2
Chlor.6+Epid.2+Calc.2 GDS313 s06an14a_a,0,0,0,0,0,0,0,0,0.2,0.6
Chlorit.33+Calcite.67 GDS315 s06an14a_a,0,0,0,0,0,0,0,0,0.6667,0.3333
Chlorite+Muscovite CU93-65A s06an14a_a ,0,0,0,0,0,0,0,0,0,1
Chlorite.33+Epidot.67 GDS318 s06an14a_a,0,0,0,0,0,0,0,0,0,0.3337
Chlorite.67+Calcit.33 GDS316 s06an14a_a,0,0,0,0,0,0,0,0,0.3333,0.6667
Chlorite.67+Epidot.33 GDS317 s06an14a_a,0,0,0,0,0,0,0,0,0,0.6667
Chlorite_Phyllite CU91-238A s06an14a_b ,0,0,0,0,0,0,0,0,0,1
Chlorite_Serpentine BR93-22B s06an14a_b,0,0,0,0,0,0,0,0,0,1
Dic.4+msc.3+gyp.2+jr.1 AMX20 s06an14a_a,0,0,0,0,0,0,0,0,0,0
Dickite+others CU91-219B s06an14a_a    ,0,0,0,0,0,0,0,0,0,0
Dolomit+Calcite+Talc PC99-1E s06an14a_c,0,0,0,0,0,0,0,0,1,0
Dolomite.5+Na-mont.5 AMX21 s06an14a_b  ,0,0,0,0.5,0,0,0.5,0,0,0
Dolomite.50+Ca-Montmor AMX10 s06an14a_b,0,0,0,0.5,0,0,0.5,0,0,0
Erionite+Merlinoite GDS144 s06an14a_c  ,0,0,0,0,0,0,0,0,0,0
Erionite+Merlinoite GDS144 s06an14a_bb_,0,0,0,0,0,0,0,0,0,0
Erionite+Offretite GDS72 s06an14a_b    ,0,0,0,0,0,0,0,0,0,0
Erionite+Offretite GDS72 s06an14a_bb_  ,0,0,0,0,0,0,0,0,0,0
Fe-Hydroxide SU93-106 amorph s06an14a_b,0,0,0,0,0,0,0,0,0,0
Goeth+qtz.5+Jarosite.5 AMX11 s06an14a_b,0.5,0,0,0,0,0,0,0,0,0
Goethite0.02+Quartz GDS240 s06an14a_a  ,0.02,0,0,0,0,0,0,0,0,0
Goethite_Phyllite CU91-236A s06an14a_b ,1,0,0,0,0,0,0,0,0,0
Gyp+jar+ill BRCM1 Marysvale s06an14a_b ,0,0,0,0,1,0,0,0,0,0
Gyp.3+jr.1+msc.4+dic.2 AMX22 s06an14a_a,0,0,0,0,0,0,0,0,0,0
Gyp.4+jr20+msc.2+dic.2 AMX23 s06an14a_a,0,0,0,0,0,0,0,0,0,0
Gyp.5+Kjar.3+hAlmsc.2 AMX24 s06an14a_a ,0,0,0,0,0,0,0,0,0,0
Halloysite CU91-242D s06an14a_b        ,0,0,0,0,0,0,0,0,0,0
Halloysite+Kaolinite CM29 s06an14a_a   ,0,0,1,0,0,0,0,0,0,0
Halloysite+Kaolinite CM29 s06an14a_aaa ,0,0,1,0,0,0,0,0,0,0
Hematite.02+Quartz.98 GDS76 s06an14a_a ,0,0.02,0,0,0,0,0,0,0,0
Hematitic_Alt._Tuff CU91-223 s06an14a_b,0,1,0,0,0,0,0,0,0,0
Hydrated_Volc_Tuff CU01-4A s06an14a_c  ,0,0,0,0,0,0,0,0,0,0
Illite CU00-5B Hi-Al+Quartz s06an14a_a ,0,0,0,0,1,0,0,0,0,0
Jarosite_Rhyolite CU91-20A s06an14a_a  ,0,0,0,0,0,0,0,0,0,0
Kalun+kaol+gth mv2-ar3 s06an14a_b      ,0,0,1,0,0,0,0,0,0,0
Kaol+Musc_intimate CU93-5C s06an14a_a  ,0,0,1,0,0,0,0,0,0,0
Kaol.5+MuscCU91-250A AMX13 s06an14a_b  ,0,0,0.5,0,0,0,0,0,0,0
Kaol_Wxl+0.5Musc_Ruby AMX12 s06an14a_a ,0,0,1,0,0,0,0,0,0,0
Kaol_wxl+others CU00-19A s06an14a_b    ,0,0,1,0,0,0,0,0,0,0
Kaol_wxl+others CU91-200A s06an14a_b   ,0,0,1,0,0,0,0,0,0,0
Kaolin/Smect KLF511 .12Kaol s06an14a_b ,0,0,0.12,0,0,0,0,0,0,0
Kaolin/Smect KLF511 .12K s06an14a_cc_  ,0,0,0.12,0,0,0,0,0,0,0
Kaolin_Smect H89-FR-2 .5Kaol s06an14a_b,0,0,0.5,0,0,0,0,0,0,0
Kaolin_Smect H89-FR-2 .5K s06an14a_bb_ ,0,0,0.5,0,0,0,0,0,0,0
Kaolin_Smect H89-FR-5 .3Kaol s06an14a_b,0,0,0.3,0,0,0,0,0,0,0
Kaolin_Smect KLF506 .95Kaol s06an14a_b ,0,0,0.95,0,0,0,0,0,0,0
Kaolin_Smect KLF506 .95kao s06an14a_bb_,0,0,0.95,0,0,0,0,0,0,0
Kaolin_Smect KLF508 .85Kaol s06an14a_b ,0,0,0.85,0,0,0,0,0,0,0
Kaolin_Smect KLF508 .85Kao s06an14a_bb_,0,0,0.85,0,0,0,0,0,0,0
Kaolwxl.75+Alun_HS295 AMX14 s06an14a_b ,0,0,0.75,0,0,0,0,0,0,0
Limestone CU02-11A s06an14a_a          ,0,0,0,0,0,0,0,0,0,0
Magnesite+Hydroma HS47.3B s06an14a_a   ,0,0,0,0,0,0,0,0,0,0
Magnesite+Hydroma HS47.3B s06an14a_aa_ ,0,0,0,0,0,0,0,0,0,0
Magnetite_skarn BR93-5B s06an14a_b     ,0,0,0,0,0,0,0,0,0,0
Mesolite+Hydroxyapop GDS6 s06an14a_b   ,0,0,0,0,0,0,0,0,0,0
Mesolite+Hydroxyapop GDS6 s06an14a_bc_ ,0,0,0,0,0,0,0,0,0,0
Montmorillonite+Illite CM37 s06an14a_b ,0,0,0,0,1,0,1,0,0,0
Montmorillonite+Illite CM42 s06an14a_b ,0,0,0,0,1,0,1,0,0,0
Montmorillonite-Na CU93-52A s06an14a_c ,0,0,0,0,0,0,1,0,0,0
Muscov+Jaros CU93-314 coatng s06an14a_b,0,0,0,0,0,0,0,0,0,0
Muscovite CU91-250A med Al s06an14a_b  ,0,0,0,0,0,0,0,0,0,0
Muscovite+Chlorite CU91-253D s06an14a_a,0,0,0,0,0,0,0,0,0,0
Muscovite+Pyrophyl JH_PYRP1 s06an14a_b ,0,0,0,0,0,0,0,0,0,0
Muscovite-low-Al CU98-8H s06an14a_b    ,0,0,0,0,0,0,0,0,0,0
Muscovite-medhi-Al CU91-252D s06an14a_c,0,0,0,0,0,0,0,0,0,0
Muscovite-medlowAl CU91-250A s06an14a_b,0,0,0,0,0,0,0,0,0,0
Nontronite+others CU00-13A s06an14a_b  ,0,0,0,0,0,0,0,0,0,0
Natrolite+Zeolite HS168.3B s06an14a_b  ,0,0,0,0,0,0,0,0,0,0
Natrolite+Zeolite HS168.3B s06an14a_bbb,0,0,0,0,0,0,0,0,0,0
Opalized Tuff CU00-15E s06an14a_b      ,0,0,0,0,0,0,0,0,0,0
Phlogopite_Sand_Mix BR93-20 s06an14a_a ,0,0,0,0,0,0,0,0,0,0
Pyrite LV95-6A Weath on Tail s06an14a_b,0,0,0,0,0,0,0,0,0,0
Pyrophyl+Muscovite JH_PYRM1 s06an14a_b ,0,0,0,0,0,0,0,0,0,0
Pyrophyl.25+wxlKaol.75 AMX17 s06an14a_b,0,0,0,0,0,0,0,0,0,0
Pyrophyl.50+Ca-Mont.50 AMX16 s06an14a_a,0,0,0,0,0,0,0,0,0,0
Pyroxene_Basalt CU01-20A s06an14a_a    ,0,0,0,0,0,0,0,0,0,0
Stonewall_Playa_Dry_Mud 2001 s06an14a_a,0,0,0,0,0,0,0,0,0,0
Stonewall_Playa CU93-52A a11 s06an14a_a,0,0,0,0,0,0,0,0,0,0
Talc+Clinochlore HS327.3B s06an14a_a   ,0,0,0,0,0,0,0,0,0,0
Talc+Clinochlore HS327.3B s06an14a_a   ,0,0,0,0,0,0,0,0,0,0
Talc+Clinochlore HS327.3B s06an14a_aaa ,0,0,0,0,0,0,0,0,0,0
Teepleite+Trona NMNH102798 s06an14a_a  ,0,0,0,0,0,0,0,0,0,0
Teepleite+Trona NMNH102798 s06an14a_aa_,0,0,0,0,0,0,0,0,0,0
White_Crust LV30 starkeyite s06an14a_c ,0,0,0,0,0,0,0,0,0,0
Zincite+Franklin HS147.3B s06an14a_b   ,0,0,0,0,0,0,0,0,0,0
Zincite+Franklin HS147.3B s06an14a_bb_ ,0,0,0,0,0,0,0,0,0,0
BurnArea_Traverse WRF00-01 s06an14a_b  ,0,0,0,0,0,0,0,0,0,0
BurnArea_TopSurface WRF00-02 s06an14a_b,0,0,0,0,0,0,0,0,0,0
Blck_Mn_Coat_Tailngs LV95-3 s06an14a_b ,0,0,0,0,0,0,0,0,0,0
Desert_Varnish ANP90-14 s06an14a_a     ,0,0,0,0,0,0,0,0,0,0
Desert_Varnish GDS141 s06an14a_a       ,0,0,0,0,0,0,0,0,0,0
Desert_Varnish GDS78A Rhy s06an14a_a   ,0,0,0,0,0,0,0,0,0,0
Goethite_Thin_Film WS222 s06an14a_a    ,0,0,0,0,0,0,0,0,0,0
Hematite_Coatd_Qtz BR93-25B s06an14a_b ,0,1,0,0,0,0,0,0,0,0
Hematite_Coatd_Qtz BR93-34C s06an14a_a ,0,1,0,0,0,0,0,0,0,0
Hematite_Coatd_Qtzt BR93-25A s06an14a_b,0,1,0,0,0,0,0,0,0,0
Hematite_Coatd_Qtzt BR93-25C s06an14a_b,0,1,0,0,0,0,0,0,0,0
Hematite_Thin_Film GDS27 s06an14a_a    ,0,1,0,0,0,0,0,0,0,0
Jarosite_Thin_Film GDS243 s06an14a_b   ,0,0,0,0,0,0,0,0,0,0
Jarosite_on_Qtzite BR93-34A2 s06an14a_b,0,0,0,0,0,0,0,0,0,0
H2O-Ice GDS136 77K s06an14a_a          ,0,0,0,0,0,0,0,0,0,0
Melting_snow mSnw12 (slush) s06an14a_a ,0,0,0,0,0,0,0,0,0,0
Melting_snow mSnw14 (slush) s06an14a_a ,0,0,0,0,0,0,0,0,0,0
Melting_snow mSnw15 (slush) s06an14a_a ,0,0,0,0,0,0,0,0,0,0
Melting_snow mSnw16 (slush) s06an14a_a ,0,0,0,0,0,0,0,0,0,0
Melting_snow mSnw16+0.25_veg s06an14a_a,0,0,0,0,0,0,0,0,0,0
Melting_snow mSnw16+0.5 veg s06an14a_a ,0,0,0,0,0,0,0,0,0,0
Melting_snow mSnw1a s06an14a_a         ,0,0,0,0,0,0,0,0,0,0
Melting_snow mSnw1a+0.5_veg s06an14a_a ,0,0,0,0,0,0,0,0,0,0
Melting_snow mSnw3 s06an14a_a          ,0,0,0,0,0,0,0,0,0,0
Melting_snow mSnw3+0.5_veg s06an14a_a  ,0,0,0,0,0,0,0,0,0,0
Melting_snow mSnw4 s06an14a_a          ,0,0,0,0,0,0,0,0,0,0
Melting_snow mSnw5 s06an14a_a          ,0,0,0,0,0,0,0,0,0,0
Melting_snow mSnw8 s06an14a_a          ,0,0,0,0,0,0,0,0,0,0
Melting_snow mSnw8+0.5_veg s06an14a_a  ,0,0,0,0,0,0,0,0,0,0
Melting_snow mSnw9 (slush) s06an14a_a  ,0,0,0,0,0,0,0,0,0,0
Melting_snow mSnw9+0.5_veg s06an14a_a  ,0,0,0,0,0,0,0,0,0,0
Red_Coated_Algea_Water RCAW1 s06an14a_a,0,0,0,0,0,0,0,0,0,0
Seawater_Coast_Chl SW1 s06an14a_a      ,0,0,0,0,0,0,0,0,0,0
Seawater_Open_Ocean SW2 lwch s06an14a_a,0,0,0,0,0,0,0,0,0,0
Water+Montmor SWy-2+0.5g/l s06an14a_a  ,0,0,0,0,0,0,0,0,0,0
Water+Montmor SWy-2+1.67g/l s06an14a_a ,0,0,0,0,0,0,0,0,0,0
Water+Montmor SWy-2+16.5g/l s06an14a_a ,0,0,0,0,0,0,0,0,0,0
Water+Montmor SWy-2+5.01g/l s06an14a_a ,0,0,0,0,0,0,0,0,0,0
Ammonium_Chloride GDS77 s06an14a_a     ,0,0,0,0,0,0,0,0,0,0
Asphalt GDS376 Blck_Road old s06an14a_a,0,0,0,0,0,0,0,0,0,0
Asphalt_Shingle GDS366 Tan s06an14a_a  ,0,0,0,0,0,0,0,0,0,0
Asphalt_Shingle GDS367 DkGry s06an14a_a,0,0,0,0,0,0,0,0,0,0
Asphalt_Shingle GDS368 Lgray s06an14a_a,0,0,0,0,0,0,0,0,0,0
Asphalt_Tar GDS346 Blck_Roof s06an14a_a,0,0,0,0,0,0,0,0,0,0
Brick GDS347 Paving Tan s06an14a_a     ,0,0,0,0,0,0,0,0,0,0
Brick GDS348 Pave DkBrwngrey s06an14a_a,0,0,0,0,0,0,0,0,0,0
Brick GDS349 Paving Red s06an14a_a     ,0,0,0,0,0,0,0,0,0,0
Brick GDS350 Dk Red Building s06an14a_a,0,0,0,0,0,0,0,0,0,0
Brick GDS353 Building MedRed s06an14a_a,0,0,0,0,0,0,0,0,0,0
Brick GDS354 Building Lt Gry s06an14a_a,0,0,0,0,0,0,0,0,0,0
Brick GDS355 Building Dk Gry s06an14a_a,0,0,0,0,0,0,0,0,0,0
Burlap_Fabric GDS430 Brown s06an14a_a  ,0,0,0,0,0,0,0,0,0,0
Cardboard GDS371 Brn Corgted s06an14a_a,0,0,0,0,0,0,0,0,0,0
Nylon_Carpet GDS535 LtBrown s06an14a_a ,0,0,0,0,0,0,0,0,0,0
Nylon_Carpet GDS536 Gry Pile s06an14a_a,0,0,0,0,0,0,0,0,0,0
Cedar_Shake GDS357 Fresh s06an14a_a    ,0,0,0,0,0,0,0,0,0,0
Cedar_Shake GDS358 SlgWeathr s06an14a_a,0,0,0,0,0,0,0,0,0,0
Cedar_Shake GDS359 MedWeathr s06an14a_a,0,0,0,0,0,0,0,0,0,0
Cedar_Shake GDS360 H Weamoss s06an14a_a,0,0,0,0,0,0,0,0,0,0
Cedar_Shake GDS361 HiWeather s06an14a_a,0,0,0,0,0,0,0,0,0,0
Cinder_Block GDS356 Lg Grey s06an14a_a ,0,0,0,0,0,0,0,0,0,0
Coated_Steel_Girder WTC01-8 s06an14a_a ,0,0,0,0,0,0,0,0,0,0
Concrete GDS375 Lt Gry Road s06an14a_a ,0,0,0,0,0,0,0,0,0,0
Concrete WTC01-37A s06an14a_a          ,0,0,0,0,0,0,0,0,0,0
Cotton_Fabric GDS437 White s06an14a_a  ,0,0,0,0,0,0,0,0,0,0
Cyanide_Cadmium_Potassium s06an14a_a   ,0,0,0,0,0,0,0,0,0,0
Cyanide_Nickel_Potassium s06an14a_a    ,0,0,0,0,0,0,0,0,0,0
Cyanide_Trihydrate CT1 s06an14a_a      ,0,0,0,0,0,0,0,0,0,0
Cyanide_Zinc_Potassium s06an14a_a      ,0,0,0,0,0,0,0,0,0,0
Cyanide_Zinc_Potassium s06an14a_a      ,0,0,0,0,0,0,0,0,0,0
Cyanide_Potassium_Ferro s06an14a_a     ,0,0,0,0,0,0,0,0,0,0
Fiberglass GDS337 Grn Roofng s06an14a_a,0,0,0,0,0,0,0,0,0,0
Fiberglass GDS399 Clear Roof s06an14a_a,0,0,0,0,0,0,0,0,0,0
Fiberglass GDS335 Wh Roofing s06an14a_a,0,0,0,0,0,0,0,0,0,0
Fiberglass GDS336 Grn Roofng s06an14a_a,0,0,0,0,0,0,0,0,0,0
Fiberglass GDS374 Pnk Insul s06an14a_a ,0,0,0,0,0,0,0,0,0,0
GalvanizedSheetMetal GDS334 s06an14a_a ,0,0,0,0,0,0,0,0,0,0
Green_Slime SM93-14A Summitv s06an14a_a,0,0,0,0,0,0,0,0,0,0
Kerogen BK-Cornell s06an14a_a          ,0,0,0,0,0,0,0,0,0,0
Montmorill+Benzene SWy 1ml s06an14a_a  ,0,0,0,0,0,0,0,0,0,0
Montmorill+TCE SWy saturated s06an14a_a,0,0,0,0,0,0,0,0,0,0
Montmorill+Toluene SWy .5ml s06an14a_a ,0,0,0,0,0,0,0,0,0,0
Montmorill+Trichlor SWy 1ml s06an14a_a ,0,0,0,0,0,0,0,0,0,0
Montmorill+Unleaded_Gas SWy s06an14a_a ,0,0,0,0,0,0,0,0,0,0
Nylon_Fabric GDS431 Red RpSt s06an14a_a,0,0,0,0,0,0,0,0,0,0
Nylon_Fabric GDS432 Grn RpSt s06an14a_a,0,0,0,0,0,0,0,0,0,0
Nylon_Fabric GDS433 Blu RpSt s06an14a_a,0,0,0,0,0,0,0,0,0,0
Nylon_Fabric GDS436 BlkCoatd s06an14a_a,0,0,0,0,0,0,0,0,0,0
Nylon_Webbing GDS428 OlvDrab s06an14a_a,0,0,0,0,0,0,0,0,0,0
Nylon_Webbing GDS438 Flr Yel s06an14a_a,0,0,0,0,0,0,0,0,0,0
Painted_Aluminum GDS333 LgGr s06an14a_a,0,0,0,0,0,0,0,0,0,0
Paper_Cotton_Bond PAPR1 100% s06an14a_a,0,0,0,0,0,0,0,0,0,0
Particle_Board GDS364 Fn Gr s06an14a_a ,0,0,0,0,0,0,0,0,0,0
Plastic GGA-54 Grnhouse Roof s06an14a_a,0,0,0,0,0,0,0,0,0,0
Plastic_ABS GDS341 BlackPipe s06an14a_a,0,0,0,0,0,0,0,0,0,0
Plastic_HDPE GDS351 BlkSheet s06an14a_a,0,0,0,0,0,0,0,0,0,0
Plastic_HDPE GDS391 Blu-Grn s06an14a_a ,0,0,0,0,0,0,0,0,0,0
Plastic_HDPE GDS393 GlosWhTr s06an14a_a,0,0,0,0,0,0,0,0,0,0
Plastic_HDPE GDS373 Grey Bag s06an14a_a,0,0,0,0,0,0,0,0,0,0
Plastic_HDPE GDS384 Wht Opaq s06an14a_a,0,0,0,0,0,0,0,0,0,0
Plastic_HDPE GDS385 WhTransl s06an14a_a,0,0,0,0,0,0,0,0,0,0
Plastic_HDPE GDS386 Yelopaqu s06an14a_a,0,0,0,0,0,0,0,0,0,0
Plastic_HDPE GDS387 WhTransl s06an14a_a,0,0,0,0,0,0,0,0,0,0
Plastic_HDPE GDS389 WhTransl s06an14a_a,0,0,0,0,0,0,0,0,0,0
Plastic_HDPE GDS390 Transpar s06an14a_a,0,0,0,0,0,0,0,0,0,0
Plastic_HDPE GDS392 WhTransl s06an14a_a,0,0,0,0,0,0,0,0,0,0
Plastic_HDPE GDS394 LgryTrns s06an14a_a,0,0,0,0,0,0,0,0,0,0
Plastic_HDPE GDS400 WhTrnslu s06an14a_a,0,0,0,0,0,0,0,0,0,0
Plastic_LDPE GDS402 Clr film s06an14a_a,0,0,0,0,0,0,0,0,0,0
Plastic_LDPE GDS405 Black s06an14a_a   ,0,0,0,0,0,0,0,0,0,0
Plastic_LDPE GDS401 Clr film s06an14a_a,0,0,0,0,0,0,0,0,0,0
Plastic_LDPE GDS404 WhTrnslu s06an14a_a,0,0,0,0,0,0,0,0,0,0
Plastic_LDPE GDS406 WhTrnslu s06an14a_a,0,0,0,0,0,0,0,0,0,0
Plastic_PETE GDS379 TrnslBrn s06an14a_a,0,0,0,0,0,0,0,0,0,0
Plastic_PETE GDS380 Clear s06an14a_a   ,0,0,0,0,0,0,0,0,0,0
Plastic_PETE GDS381 Clr-prpl s06an14a_a,0,0,0,0,0,0,0,0,0,0
Plastic_PETE GDS382 Black s06an14a_a   ,0,0,0,0,0,0,0,0,0,0
Plastic_PETE GDS383 Clrbluis s06an14a_a,0,0,0,0,0,0,0,0,0,0
Plastic_PVC GDS338 White s06an14a_a    ,0,0,0,0,0,0,0,0,0,0
Plastic_Pipe GDS342 Black s06an14a_a   ,0,0,0,0,0,0,0,0,0,0
Plastic_Pipe GDS344 Blue s06an14a_a    ,0,0,0,0,0,0,0,0,0,0
Plastic_Tarp GDS339 Green s06an14a_a   ,0,0,0,0,0,0,0,0,0,0
Plastic_Tarp GDS340 Blu_Wovn s06an14a_a,0,0,0,0,0,0,0,0,0,0
Plastic_Tyvek GDS369 White s06an14a_a  ,0,0,0,0,0,0,0,0,0,0
Plastic_Vinyl GDS372 White s06an14a_a  ,0,0,0,0,0,0,0,0,0,0
Plastic_Vinyl GDS395 Clr1mm s06an14a_a ,0,0,0,0,0,0,0,0,0,0
Plastic_Vinyl GDS396 Clr1mm s06an14a_a ,0,0,0,0,0,0,0,0,0,0
Plastic_Vinyl GDS397 Cl0.4mm s06an14a_a,0,0,0,0,0,0,0,0,0,0
Plastic_Vinyl GDS398 Red Toy s06an14a_a,0,0,0,0,0,0,0,0,0,0
Plastic_Visqueen GDS370 Clr s06an14a_a ,0,0,0,0,0,0,0,0,0,0
Plywood GDS365 Fresh Pine s06an14a_a   ,0,0,0,0,0,0,0,0,0,0
Polyester_Pile GDS434 Blk s06an14a_a   ,0,0,0,0,0,0,0,0,0,0
Polyester_Pile GDS435 DkGrn s06an14a_a ,0,0,0,0,0,0,0,0,0,0
Polyester_Webbing GDS429 Blk s06an14a_a,0,0,0,0,0,0,0,0,0,0
Polystyrene GDS345 BluInsul s06an14a_a ,0,0,0,0,0,0,0,0,0,0
Renyolds_TnlSldgWet SM93-15w s06an14a_a,0,0,0,0,0,0,0,0,0,0
Renyolds_Tnl_Sludge SM93-15 s06an14a_a ,0,0,0,0,0,0,0,0,0,0
Roofing_Felt GDS377 Black s06an14a_a   ,0,0,0,0,0,0,0,0,0,0
Rusted_Tin_Can GDS378 MV99-6 s06an14a_a,0,0,0,0,0,0,0,0,0,0
Sheet_Metal GDS352 crg Galvn s06an14a_a,0,0,0,0,0,0,0,0,0,0
Strand_Board GDS362 Oriented s06an14a_a,0,0,0,0,0,0,0,0,0,0
Tar_Paper GDS285A New Blk s06an14a_a   ,0,0,0,0,0,0,0,0,0,0
Tar_Paper GDS285B Weath Blk s06an14a_a ,0,0,0,0,0,0,0,0,0,0
Terrycloth_Fabric GDS537 Yl s06an14a_a ,0,0,0,0,0,0,0,0,0,0
Terrycloth_Fabric GDS537 Yel s06an14a_a,0,0,0,0,0,0,0,0,0,0
Wood_Beam GDS363 Nw Pine 2X4 s06an14a_a,0,0,0,0,0,0,0,0,0,0
WTC_Dust_Debris WTC01-2 s06an14a_a     ,0,0,0,0,0,0,0,0,0,0
WTC_Dust_Debris WTC01-28 s06an14a_a    ,0,0,0,0,0,0,0,0,0,0
Aspen Aspen-1 Green-Top s06an14a_a     ,0,0,0,0,0,0,0,0,0,0
Aspen Aspen-2 Green-Bottom s06an14a_a  ,0,0,0,0,0,0,0,0,0,0
Aspen Aspen-3 YellowGreenTop s06an14a_a,0,0,0,0,0,0,0,0,0,0
Aspen Aspen-4 Yellow-Top s06an14a_a    ,0,0,0,0,0,0,0,0,0,0
Aspen YNP-AS-1 s06an14a_b              ,0,0,0,0,0,0,0,0,0,0
Aspen_Leaf-A DW92-2 s06an14a_a         ,0,0,0,0,0,0,0,0,0,0
Aspen_Leaf-B DW92-3 s06an14a_a         ,0,0,0,0,0,0,0,0,0,0
Bacterial-Mat YNP-B1 s06an14a_b        ,0,0,0,0,0,0,0,0,0,0
Blackbrush ANP92-9A leaves s06an14a_a  ,0,0,0,0,0,0,0,0,0,0
Blue_Spruce DW92-5 needle s06an14a_a   ,0,0,0,0,0,0,0,0,0,0
Cactus Opuntia-1 Purple_pad s06an14a_a ,0,0,0,0,0,0,0,0,0,0
Cattail YNP-CT-1 s06an14a_b            ,0,0,0,0,0,0,0,0,0,0
Cheatgrass ANP92-11A s06an14a_a        ,0,0,0,0,0,0,0,0,0,0
Cheatgrass ANPC1 field Calib s06an14a_a,0,0,0,0,0,0,0,0,0,0
Conifer-Meadow-Mix YNP-CM-1 s06an14a_b ,0,0,0,0,0,0,0,0,0,0
Douglas-Fir YNP-DF-1 s06an14a_b        ,0,0,0,0,0,0,0,0,0,0
Douglas-Fir YNP-DF-2 s06an14a_b        ,0,0,0,0,0,0,0,0,0,0
Douglas-Fir YNP-DF-3 s06an14a_b        ,0,0,0,0,0,0,0,0,0,0
Dry_Long_Grass AV87-2 s06an14a_a       ,0,0,0,0,0,0,0,0,0,0
Engelmann-Spruce ES-Needls-1 s06an14a_a,0,0,0,0,0,0,0,0,0,0
Espruce-Sfir YNP-SF-1 s06an14a_b       ,0,0,0,0,0,0,0,0,0,0
Espruce-Sfir YNP-SF-2 s06an14a_b       ,0,0,0,0,0,0,0,0,0,0
Espruce-Sfir YNP-SF-3 s06an14a_b       ,0,0,0,0,0,0,0,0,0,0
Espruce-Sfir YNP-SF-4 s06an14a_b       ,0,0,0,0,0,0,0,0,0,0
Espruce-Sfir YNP-SF-5 s06an14a_b       ,0,0,0,0,0,0,0,0,0,0
Fir_Tree IH91-2 s06an14a_a             ,0,0,0,0,0,0,0,0,0,0
Flower Geranium-1 Red-Orange s06an14a_a,0,0,0,0,0,0,0,0,0,0
Flower Pansy-1 Yellow s06an14a_a       ,0,0,0,0,0,0,0,0,0,0
Flower Petunia-1 Pink s06an14a_a       ,0,0,0,0,0,0,0,0,0,0
Flower Petunia-2 Purple s06an14a_a     ,0,0,0,0,0,0,0,0,0,0
Flower Petunia-3 White s06an14a_a      ,0,0,0,0,0,0,0,0,0,0
Flower Platycodon-1 Purple s06an14a_a  ,0,0,0,0,0,0,0,0,0,0
Flower Platycodon-2 White s06an14a_a   ,0,0,0,0,0,0,0,0,0,0
Grass-Fescue-Wheatg YNP-FW-1 s06an14a_b,0,0,0,0,0,0,0,0,0,0
Grass-Fescue-Wheatg YNP-FW-2 s06an14a_b,0,0,0,0,0,0,0,0,0,0
Grass-Fescue-Wheatg YNP-FW-3 s06an14a_b,0,0,0,0,0,0,0,0,0,0
Grass-FescueNeedleg YNP-FN-1 s06an14a_b,0,0,0,0,0,0,0,0,0,0
Grass-Smoothbrome YNP-SB-1 s06an14a_b  ,0,0,0,0,0,0,0,0,0,0
Grass_Golden_Dry GDS480 s06an14a_a     ,0,0,0,0,0,0,0,0,0,0
Juniper_Bush IH91-4B s06an14a_a        ,0,0,0,0,0,0,0,0,0,0
Lawn_Grass GDS91 (Green) s06an14a_a    ,0,0,0,0,0,0,0,0,0,0
LeafySpurge Spurge-A1-Jul98 s06an14a_a ,0,0,0,0,0,0,0,0,0,0
LeafySpurge Spurge-A1-Jun98 s06an14a_a ,0,0,0,0,0,0,0,0,0,0
LeafySpurge Spurge-A1-Oct97 s06an14a_a ,0,0,0,0,0,0,0,0,0,0
LeafySpurge Spurge-A1-Sep97 s06an14a_a ,0,0,0,0,0,0,0,0,0,0
LeafySpurge Spurge-A2-Jun98 s06an14a_a ,0,0,0,0,0,0,0,0,0,0
LeafySpurge Spurge-B1-Jul98 s06an14a_a ,0,0,0,0,0,0,0,0,0,0
LeafySpurge Spurge-B1-Oct97 s06an14a_a ,0,0,0,0,0,0,0,0,0,0
LeafySpurge Spurge-B2-Jul98 s06an14a_a ,0,0,0,0,0,0,0,0,0,0
LeafySpurge Spurge-B3-Jul98 s06an14a_a ,0,0,0,0,0,0,0,0,0,0
LeafySpurge Spurge-C1-Oct97 s06an14a_a ,0,0,0,0,0,0,0,0,0,0
Lichen Acarospora-1 s06an14a_b         ,0,0,0,0,0,0,0,0,0,0
Lichen Licedea-1 s06an14a_b            ,0,0,0,0,0,0,0,0,0,0
Lichen Licedea-2 s06an14a_b            ,0,0,0,0,0,0,0,0,0,0
Lichen Xanthoparmelia-1 s06an14a_b     ,0,0,0,0,0,0,0,0,0,0
Lichen Xanthoparmelia-2 s06an14a_b     ,0,0,0,0,0,0,0,0,0,0
Lichen Xanthoria-1 s06an14a_b          ,0,0,0,0,0,0,0,0,0,0
Lodgepole-Pine LP-Needles-1 s06an14a_a ,0,0,0,0,0,0,0,0,0,0
Lodgepole-Pine LP-Needles-2 s06an14a_a ,0,0,0,0,0,0,0,0,0,0
Lodgepole-Pine LP-Needles-3 s06an14a_a ,0,0,0,0,0,0,0,0,0,0
Lodgepole-Pine YNP-LP s06an14a_b       ,0,0,0,0,0,0,0,0,0,0
Lodgepole-Pine YNP-LP0-MOD s06an14a_b  ,0,0,0,0,0,0,0,0,0,0
Lodgepole-Pine YNP-LP0-VIG s06an14a_b  ,0,0,0,0,0,0,0,0,0,0
Lodgepole-Pine YNP-LP1-A s06an14a_b    ,0,0,0,0,0,0,0,0,0,0
Lodgepole-Pine YNP-LP1-B s06an14a_b    ,0,0,0,0,0,0,0,0,0,0
Lodgepole-Pine YNP-LP1-C s06an14a_b    ,0,0,0,0,0,0,0,0,0,0
Lodgepole-Pine YNP-LP1-D s06an14a_b    ,0,0,0,0,0,0,0,0,0,0
Lodgepole-Pine YNP-LP2-A s06an14a_b    ,0,0,0,0,0,0,0,0,0,0
Lodgepole-Pine YNP-LP2-B s06an14a_b    ,0,0,0,0,0,0,0,0,0,0
Lodgepole-Pine YNP-LP3-A s06an14a_b    ,0,0,0,0,0,0,0,0,0,0
Lodgepole-Pine YNP-LP3-B s06an14a_b    ,0,0,0,0,0,0,0,0,0,0
Maple_Leaves DW92-1 s06an14a_a         ,0,0,0,0,0,0,0,0,0,0
Oak Oak-Leaf-1 fresh s06an14a_a        ,0,0,0,0,0,0,0,0,0,0
Oak Oak-Leaf-2 dried s06an14a_a        ,0,0,0,0,0,0,0,0,0,0
Pinon_Pine ANP92-14A needle s06an14a_a ,0,0,0,0,0,0,0,0,0,0
Rabbitbrush ANP92-27 s06an14a_a        ,0,0,0,0,0,0,0,0,0,0
Russian_Olive DW92-4 s06an14a_a        ,0,0,0,0,0,0,0,0,0,0
Sage_Brush IH91-1B s06an14a_a          ,0,0,0,0,0,0,0,0,0,0
Sagebrush Sage-Leaves-1 dry s06an14a_a ,0,0,0,0,0,0,0,0,0,0
Sagebrush YNP-SS-1 s06an14a_b          ,0,0,0,0,0,0,0,0,0,0
Sagebrush YNP-SS-2 s06an14a_b          ,0,0,0,0,0,0,0,0,0,0
Sagebrush YNP-SS-3 s06an14a_b          ,0,0,0,0,0,0,0,0,0,0
Sagebrush YNP-SS-4 s06an14a_b          ,0,0,0,0,0,0,0,0,0,0
Saltbrush ANP92-31A s06an14a_a         ,0,0,0,0,0,0,0,0,0,0
Sedge YNP-SE-1 s06an14a_b              ,0,0,0,0,0,0,0,0,0,0
Tumbleweed ANP92-2C Dry s06an14a_a     ,0,0,0,0,0,0,0,0,0,0
Walnut_Leaf SUN (Green) s06an14a_a     ,0,0,0,0,0,0,0,0,0,0
Wetland YNP-WT-1 s06an14a_b            ,0,0,0,0,0,0,0,0,0,0
Wetland YNP-WT-2 s06an14a_b            ,0,0,0,0,0,0,0,0,0,0
Whitebark-Pine YNP-WB-1 s06an14a_b     ,0,0,0,0,0,0,0,0,0,0
Whitebark-Pine YNP-WB-2 s06an14a_b     ,0,0,0,0,0,0,0,0,0,0
Willow Willow-Leaves-1 dry s06an14a_a  ,0,0,0,0,0,0,0,0,0,0
Willow YNP-WI-1 s06an14a_b             ,0,0,0,0,0,0,0,0,0,0
Willow-Sedge-Mix YNP-WS-1 s06an14a_b   ,0,0,0,0,0,0,0,0,0,0
Antigorite+.2DryGrass AMX26 s06an14a_a ,0,0,0,0,0,0,0,0,0,0
Antigorite+.33DryGrass AMX25 s06an14a_a,0,0,0,0,0,0,0,0,0,0
Grass_dry.4+.6green AMX27 s06an14a_a   ,0,0,0,0,0,0,0,0,0,0
Grass_dry.5+.5green AMX28 s06an14a_a   ,0,0,0,0,0,0,0,0,0,0
Grass_dry.6+.4green AMX29 s06an14a_a   ,0,0,0,0,0,0,0,0,0,0
Grass_dry.7+.3green AMX30 s06an14a_a   ,0,0,0,0,0,0,0,0,0,0
Grass_dry.8+.2green AMX31 s06an14a_a   ,0,0,0,0,0,0,0,0,0,0
Grass_dry.9+.1green AMX32 s06an14a_a   ,0,0,0,0,0,0,0,0,0,0
Lawn_Grass GDS91 +1shf/unshf s06an14a_a,0,0,0,0,0,0,0,0,0,0
Lawn_Grass GDS91 +1shft 3nm s06an14a_a ,0,0,0,0,0,0,0,0,0,0
Lawn_Grass GDS91 +const 1.0 s06an14a_a ,0,0,0,0,0,0,0,0,0,0
Lawn_Grass GDS91 /shiftd 3nm s06an14a_a,0,0,0,0,0,0,0,0,0,0
Lawn_Grass GDS91 shifted 3nm s06an14a_a,0,0,0,0,0,0,0,0,0,0
Rangeland C03-004 S08% G27% s06an14a_a ,0,0,0,0,0,0,0,0,0,0
Rangeland C03-005 S25% G24% s06an14a_a ,0,0,0,0,0,0,0,0,0,0
Rangeland C03-006 S01% G39% s06an14a_a ,0,0,0,0,0,0,0,0,0,0
Rangeland C03-010 S12% G15% s06an14a_a ,0,0,0,0,0,0,0,0,0,0
Rangeland C03-013 S06% G08% s06an14a_a ,0,0,0,0,0,0,0,0,0,0
Rangeland C03-014 S26% G25% s06an14a_a ,0,0,0,0,0,0,0,0,0,0
Rangeland C03-017 S20% G19% s06an14a_a ,0,0,0,0,0,0,0,0,0,0
Rangeland C03-019 S20% G14% s06an14a_a ,0,0,0,0,0,0,0,0,0,0
Rangeland C03-021 S11% G07% s06an14a_a ,0,0,0,0,0,0,0,0,0,0
Rangeland C03-022 S12% G22% s06an14a_a ,0,0,0,0,0,0,0,0,0,0
Rangeland C03-027 S27% G19% s06an14a_a ,0,0,0,0,0,0,0,0,0,0
Rangeland C03-031 S15% G14% s06an14a_a ,0,0,0,0,0,0,0,0,0,0
Rangeland C03-032 S34% G15% s06an14a_a ,0,0,0,0,0,0,0,0,0,0
Rangeland C03-037 S37% G13% s06an14a_a ,0,0,0,0,0,0,0,0,0,0
Rangeland C03-041 S15% G06% s06an14a_a ,0,0,0,0,0,0,0,0,0,0
Rangeland C03-047 S09% G12% s06an14a_a ,0,0,0,0,0,0,0,0,0,0
Rangeland C03-050 S18% G12% s06an14a_a ,0,0,0,0,0,0,0,0,0,0
Rangeland C03-052 S22% G24% s06an14a_a ,0,0,0,0,0,0,0,0,0,0
Rangeland C03-066 S11% G17% s06an14a_a ,0,0,0,0,0,0,0,0,0,0
Rangeland C03-068 S05% G43% s06an14a_a ,0,0,0,0,0,0,0,0,0,0
Rangeland C03-070 S02% G31% s06an14a_a ,0,0,0,0,0,0,0,0,0,0
Rangeland C03-073 S30% G24% s06an14a_a ,0,0,0,0,0,0,0,0,0,0
Rangeland C03-074 S24% G16% s06an14a_a ,0,0,0,0,0,0,0,0,0,0
Rangeland C03-076 S13% G13% s06an14a_a ,0,0,0,0,0,0,0,0,0,0
Rangeland C03-077 S09% G10% s06an14a_a ,0,0,0,0,0,0,0,0,0,0
Rangeland C03-080 S18% G15% s06an14a_a ,0,0,0,0,0,0,0,0,0,0
Rangeland C03-081 S07% G23% s06an14a_a ,0,0,0,0,0,0,0,0,0,0
Rangeland C03-085 S06% G24% s06an14a_a ,0,0,0,0,0,0,0,0,0,0
Rangeland C03-086 S29% G13% s06an14a_a ,0,0,0,0,0,0,0,0,0,0
Rangeland C03-089 S20% G21% s06an14a_a ,0,0,0,0,0,0,0,0,0,0
Rangeland C03-090 S14% G31% s06an14a_a ,0,0,0,0,0,0,0,0,0,0
Rangeland C03-091 S30% G17% s06an14a_a ,0,0,0,0,0,0,0,0,0,0
Rangeland C03-095 S09% G08% s06an14a_a ,0,0,0,0,0,0,0,0,0,0
Rangeland C03-097 S07% G21% s06an14a_a ,0,0,0,0,0,0,0,0,0,0
Rangeland C04-151 S29% G05% s06an14a_a ,0,0,0,0,0,0,0,0,0,0
Rangeland C04-153 S12% G16% s06an14a_a ,0,0,0,0,0,0,0,0,0,0
Rangeland C04-154 S12% G10% s06an14a_a ,0,0,0,0,0,0,0,0,0,0
Rangeland C04-155A S03% G38% s06an14a_a,0,0,0,0,0,0,0,0,0,0
Rangeland C04-166 S09% G10% s06an14a_a ,0,0,0,0,0,0,0,0,0,0
Rangeland C04-170 S30% G24% s06an14a_a ,0,0,0,0,0,0,0,0,0,0
Rangeland C04-175 S06% G23% s06an14a_a ,0,0,0,0,0,0,0,0,0,0
Rangeland C04-197 S17% G15% s06an14a_a ,0,0,0,0,0,0,0,0,0,0
Rangeland C04-200 S03% G17% s06an14a_a ,0,0,0,0,0,0,0,0,0,0
Rangeland C04-203 S21% G07% s06an14a_a ,0,0,0,0,0,0,0,0,0,0
Rangeland C04-204 S24% G06% s06an14a_a ,0,0,0,0,0,0,0,0,0,0
Rangeland C04-208 S15% G20% s06an14a_a ,0,0,0,0,0,0,0,0,0,0
Rangeland C04-209A S17% G04% s06an14a_a,0,0,0,0,0,0,0,0,0,0
Rangeland C04-211 S03% G16% s06an14a_a ,0,0,0,0,0,0,0,0,0,0
Rangeland C04-214 S03% G17% s06an14a_a ,0,0,0,0,0,0,0,0,0,0
Rangeland C04-226 S05% G25% s06an14a_a ,0,0,0,0,0,0,0,0,0,0
Rangeland C04-232 S23% G13% s06an14a_a ,0,0,0,0,0,0,0,0,0,0
Rangeland C04-233 S16% G06% s06an14a_a ,0,0,0,0,0,0,0,0,0,0
Rangeland C04-236 S20% G18% s06an14a_a ,0,0,0,0,0,0,0,0,0,0
Rangeland C04-237 S05% G25% s06an14a_a ,0,0,0,0,0,0,0,0,0,0
Rangeland C04-243A S05%G02% s06an14a_a ,0,0,0,0,0,0,0,0,0,0
Rangeland C04-251 S17% G07% s06an14a_a ,0,0,0,0,0,0,0,0,0,0
Rangeland C04-252 S08% G05% s06an14a_a ,0,0,0,0,0,0,0,0,0,0
Rangeland C04-253 S27% G21% s06an14a_a ,0,0,0,0,0,0,0,0,0,0
Rangeland C04-264 S09% G18% s06an14a_a ,0,0,0,0,0,0,0,0,0,0
Rangeland C04-272 S04% G36% s06an14a_a ,0,0,0,0,0,0,0,0,0,0
Rangeland C04-273 S25% G08% s06an14a_a ,0,0,0,0,0,0,0,0,0,0
Rangeland C04-288 S19% G34% s06an14a_a ,0,0,0,0,0,0,0,0,0,0
Rangeland C04-295 S17% G17% s06an14a_a ,0,0,0,0,0,0,0,0,0,0
Rangeland L02-005 S14% G16% s06an14a_a ,0,0,0,0,0,0,0,0,0,0
Rangeland L02-013 S00% G31% s06an14a_a ,0,0,0,0,0,0,0,0,0,0
Rangeland L02-015 S01% G35% s06an14a_a ,0,0,0,0,0,0,0,0,0,0
Rangeland L02-019 S01% G06% s06an14a_a ,0,0,0,0,0,0,0,0,0,0
Rangeland L02-022 S20% G09% s06an14a_a ,0,0,0,0,0,0,0,0,0,0
Rangeland L02-023 S01% G56% s06an14a_a ,0,0,0,0,0,0,0,0,0,0
Rangeland L02-025 S00% G21% s06an14a_a ,0,0,0,0,0,0,0,0,0,0
Rangeland L02-042 S01% G57% s06an14a_a ,0,0,0,0,0,0,0,0,0,0
Rangeland L02-043 S01% G07% s06an14a_a ,0,0,0,0,0,0,0,0,0,0
Rangeland L02-045 S01% G04% s06an14a_a ,0,0,0,0,0,0,0,0,0,0
Rangeland L02-046 S16% G20% s06an14a_a ,0,0,0,0,0,0,0,0,0,0
Rangeland L02-054 S00% G21% s06an14a_a ,0,0,0,0,0,0,0,0,0,0
Rangeland L02-057 S01% G47% s06an14a_a ,0,0,0,0,0,0,0,0,0,0
Rangeland L02-058 S00% G25% s06an14a_a ,0,0,0,0,0,0,0,0,0,0
Rangeland L02-060 S00% G13% s06an14a_a ,0,0,0,0,0,0,0,0,0,0
Rangeland L02-061 S00% G06% s06an14a_a ,0,0,0,0,0,0,0,0,0,0
Rangeland L02-068A S00% G38% s06an14a_a,0,0,0,0,0,0,0,0,0,0
Rangeland L02-069 S00% G99% s06an14a_a ,0,0,0,0,0,0,0,0,0,0
Rangeland L02-077 S00% G28% s06an14a_a ,0,0,0,0,0,0,0,0,0,0
Rangeland L04-035 S03% G54% s06an14a_a ,0,0,0,0,0,0,0,0,0,0
Rangeland L04-047 S00% G47% s06an14a_a ,0,0,0,0,0,0,0,0,0,0
Rangeland L04-058 S34% G25% s06an14a_a ,0,0,0,0,0,0,0,0,0,0
Rangeland L04-072 S30% G21% s06an14a_a ,0,0,0,0,0,0,0,0,0,0
Rangeland L04-075A S00% G49% s06an14a_a,0,0,0,0,0,0,0,0,0,0
Rangeland L04-091 S10% G11% s06an14a_a ,0,0,0,0,0,0,0,0,0,0
Rangeland L04-095 S01% G51% s06an14a_a ,0,0,0,0,0,0,0,0,0,0
Rangeland L04-096 S00% G45% s06an14a_a ,0,0,0,0,0,0,0,0,0,0
Stonwll_Ply+.1grnGrass AMX33 s06an14a_a,0,0,0,0,0,0,0,0,0,0
Stonwll_Ply+.2grnGrass AMX34 s06an14a_a},0,0,0,0,0,0,0,0,0,0